-- --------------------------------------------------------
-- Host:                         127.0.0.1
-- Server Version:               10.2.9-MariaDB - mariadb.org binary distribution
-- Server Betriebssystem:        Win64
-- HeidiSQL Version:             9.4.0.5125
-- --------------------------------------------------------

/*!40101 SET @OLD_CHARACTER_SET_CLIENT=@@CHARACTER_SET_CLIENT */;
/*!40101 SET NAMES utf8 */;
/*!50503 SET NAMES utf8mb4 */;
/*!40014 SET @OLD_FOREIGN_KEY_CHECKS=@@FOREIGN_KEY_CHECKS, FOREIGN_KEY_CHECKS=0 */;
/*!40101 SET @OLD_SQL_MODE=@@SQL_MODE, SQL_MODE='NO_AUTO_VALUE_ON_ZERO' */;


-- Exportiere Datenbank Struktur für praktikum
CREATE DATABASE IF NOT EXISTS `praktikum` /*!40100 DEFAULT CHARACTER SET utf8 */;
USE `praktikum`;

-- Exportiere Struktur von Tabelle praktikum.bestellung
CREATE TABLE IF NOT EXISTS `bestellung` (
  `ID` int(11) NOT NULL AUTO_INCREMENT,
  `NutzerFK` int(11) NOT NULL,
  `Zeitpunkt` timestamp NOT NULL DEFAULT current_timestamp(),
  PRIMARY KEY (`ID`),
  KEY `NutzerFK` (`NutzerFK`),
  CONSTRAINT `NutzerFK` FOREIGN KEY (`NutzerFK`) REFERENCES `fe-nutzer` (`Nr`) ON DELETE CASCADE
) ENGINE=InnoDB AUTO_INCREMENT=2 DEFAULT CHARSET=utf8;

-- Exportiere Daten aus Tabelle praktikum.bestellung: ~1 rows (ungefähr)
/*!40000 ALTER TABLE `bestellung` DISABLE KEYS */;
INSERT INTO `bestellung` (`ID`, `NutzerFK`, `Zeitpunkt`) VALUES
	(1, 1, '2017-12-09 00:49:44');
/*!40000 ALTER TABLE `bestellung` ENABLE KEYS */;

-- Exportiere Struktur von Tabelle praktikum.bestellungenthaltprodukt
CREATE TABLE IF NOT EXISTS `bestellungenthaltprodukt` (
  `ID` int(11) NOT NULL AUTO_INCREMENT,
  `Anzahl` int(11) NOT NULL DEFAULT 1,
  `ProduktFK` int(11) NOT NULL,
  `BestellungFK` int(11) NOT NULL,
  PRIMARY KEY (`ID`),
  KEY `ProduktFK` (`ProduktFK`),
  KEY `BestellungFK` (`BestellungFK`),
  CONSTRAINT `BestellungFK` FOREIGN KEY (`BestellungFK`) REFERENCES `bestellung` (`ID`) ON DELETE CASCADE,
  CONSTRAINT `ProduktFK` FOREIGN KEY (`ProduktFK`) REFERENCES `produkt` (`ID`)
) ENGINE=InnoDB AUTO_INCREMENT=2 DEFAULT CHARSET=utf8;

-- Exportiere Daten aus Tabelle praktikum.bestellungenthaltprodukt: ~1 rows (ungefähr)
/*!40000 ALTER TABLE `bestellungenthaltprodukt` DISABLE KEYS */;
INSERT INTO `bestellungenthaltprodukt` (`ID`, `Anzahl`, `ProduktFK`, `BestellungFK`) VALUES
	(1, 10, 1, 1);
/*!40000 ALTER TABLE `bestellungenthaltprodukt` ENABLE KEYS */;

-- Exportiere Struktur von Tabelle praktikum.bild
CREATE TABLE IF NOT EXISTS `bild` (
  `ID` mediumint(9) NOT NULL AUTO_INCREMENT,
  `Binärdaten` blob NOT NULL,
  `AltText` varchar(60) DEFAULT NULL,
  `Title` varchar(60) DEFAULT NULL,
  `Unterschrift` varchar(80) DEFAULT NULL,
  PRIMARY KEY (`ID`)
) ENGINE=InnoDB AUTO_INCREMENT=2 DEFAULT CHARSET=utf8;

-- Exportiere Daten aus Tabelle praktikum.bild: ~1 rows (ungefähr)
/*!40000 ALTER TABLE `bild` DISABLE KEYS */;
INSERT INTO `bild` (`ID`, `Binärdaten`, `AltText`, `Title`, `Unterschrift`) VALUES
	(1, _binary 'FFD8FFE11F604578696600004D4D002A00000008000C0100000300000001012C0000010100030000000100A8000001020003000000030000009E010600030000000100020000011200030000000100010000011500030000000100030000011A000500000001000000A4011B000500000001000000AC012800030000000100020000013100020000001E000000B40132000200000014000000D28769000400000001000000E800000120000800080008000AFC8000002710000AFC800000271041646F62652050686F746F73686F7020435336202857696E646F77732900323031373A31323A31342031303A34383A34310000000004900000070000000430323231A001000300000001FFFF0000A002000400000001000000BAA003000400000001000000A80000000000000006010300030000000100060000011A0005000000010000016E011B0005000000010000017601280003000000010002000002010004000000010000017E020200040000000100001DDA0000000000000048000000010000004800000001FFD8FFE20C584943435F50524F46494C4500010100000C484C696E6F021000006D6E74725247422058595A2007CE00020009000600310000616373704D5346540000000049454320735247420000000000000000000000010000F6D6000100000000D32D4850202000000000000000000000000000000000000000000000000000000000000000000000000000000000000000000000001163707274000001500000003364657363000001840000006C77747074000001F000000014626B707400000204000000147258595A00000218000000146758595A0000022C000000146258595A0000024000000014646D6E640000025400000070646D6464000002C400000088767565640000034C0000008676696577000003D4000000246C756D69000003F8000000146D6561730000040C0000002474656368000004300000000C725452430000043C0000080C675452430000043C0000080C625452430000043C0000080C7465787400000000436F70797269676874202863292031393938204865776C6574742D5061636B61726420436F6D70616E790000646573630000000000000012735247422049454336313936362D322E31000000000000000000000012735247422049454336313936362D322E31000000000000000000000000000000000000000000000000000000000000000000000000000000000000000000000000000058595A20000000000000F35100010000000116CC58595A200000000000000000000000000000000058595A200000000000006FA2000038F50000039058595A2000000000000062990000B785000018DA58595A2000000000000024A000000F840000B6CF64657363000000000000001649454320687474703A2F2F7777772E6965632E636800000000000000000000001649454320687474703A2F2F7777772E6965632E63680000000000000000000000000000000000000000000000000000000000000000000000000000000000000000000064657363000000000000002E4945432036313936362D322E312044656661756C742052474220636F6C6F7572207370616365202D207352474200000000000000000000002E4945432036313936362D322E312044656661756C742052474220636F6C6F7572207370616365202D20735247420000000000000000000000000000000000000000000064657363000000000000002C5265666572656E63652056696577696E6720436F6E646974696F6E20696E2049454336313936362D322E3100000000000000000000002C5265666572656E63652056696577696E6720436F6E646974696F6E20696E2049454336313936362D322E31000000000000000000000000000000000000000000000000000076696577000000000013A4FE00145F2E0010CF140003EDCC0004130B00035C9E0000000158595A2000000000004C09560050000000571FE76D6561730000000000000001000000000000000000000000000000000000028F0000000273696720000000004352542063757276000000000000040000000005000A000F00140019001E00230028002D00320037003B00400045004A004F00540059005E00630068006D00720077007C00810086008B00900095009A009F00A400A900AE00B200B700BC00C100C600CB00D000D500DB00E000E500EB00F000F600FB01010107010D01130119011F0125012B01320138013E0145014C0152015901600167016E0175017C0183018B0192019A01A101A901B101B901C101C901D101D901E101E901F201FA0203020C0214021D0226022F02380241024B0254025D02670271027A0284028E029802A202AC02B602C102CB02D502E002EB02F50300030B03160321032D03380343034F035A03660372037E038A039603A203AE03BA03C703D303E003EC03F9040604130420042D043B0448045504630471047E048C049A04A804B604C404D304E104F004FE050D051C052B053A05490558056705770586059605A605B505C505D505E505F6060606160627063706480659066A067B068C069D06AF06C006D106E306F507070719072B073D074F076107740786079907AC07BF07D207E507F8080B081F08320846085A086E0882089608AA08BE08D208E708FB09100925093A094F09640979098F09A409BA09CF09E509FB0A110A270A3D0A540A6A0A810A980AAE0AC50ADC0AF30B0B0B220B390B510B690B800B980BB00BC80BE10BF90C120C2A0C430C5C0C750C8E0CA70CC00CD90CF30D0D0D260D400D5A0D740D8E0DA90DC30DDE0DF80E130E2E0E490E640E7F0E9B0EB60ED20EEE0F090F250F410F5E0F7A0F960FB30FCF0FEC1009102610431061107E109B10B910D710F511131131114F116D118C11AA11C911E81207122612451264128412A312C312E31303132313431363138313A413C513E5140614271449146A148B14AD14CE14F01512153415561578159B15BD15E0160316261649166C168F16B216D616FA171D17411765178917AE17D217F7181B18401865188A18AF18D518FA19201945196B199119B719DD1A041A2A1A511A771A9E1AC51AEC1B141B3B1B631B8A1BB21BDA1C021C2A1C521C7B1CA31CCC1CF51D1E1D471D701D991DC31DEC1E161E401E6A1E941EBE1EE91F131F3E1F691F941FBF1FEA20152041206C209820C420F0211C2148217521A121CE21FB22272255228222AF22DD230A23382366239423C223F0241F244D247C24AB24DA250925382568259725C725F726272657268726B726E827182749277A27AB27DC280D283F287128A228D429062938296B299D29D02A022A352A682A9B2ACF2B022B362B692B9D2BD12C052C392C6E2CA22CD72D0C2D412D762DAB2DE12E162E4C2E822EB72EEE2F242F5A2F912FC72FFE3035306C30A430DB3112314A318231BA31F2322A3263329B32D4330D3346337F33B833F1342B3465349E34D83513354D358735C235FD3637367236AE36E937243760379C37D738143850388C38C839053942397F39BC39F93A363A743AB23AEF3B2D3B6B3BAA3BE83C273C653CA43CE33D223D613DA13DE03E203E603EA03EE03F213F613FA23FE24023406440A640E74129416A41AC41EE4230427242B542F7433A437D43C044034447448A44CE45124555459A45DE4622466746AB46F04735477B47C04805484B489148D7491D496349A949F04A374A7D4AC44B0C4B534B9A4BE24C2A4C724CBA4D024D4A4D934DDC4E254E6E4EB74F004F494F934FDD5027507150BB51065150519B51E65231527C52C75313535F53AA53F65442548F54DB5528557555C2560F565C56A956F75744579257E0582F587D58CB591A596959B85A075A565AA65AF55B455B955BE55C355C865CD65D275D785DC95E1A5E6C5EBD5F0F5F615FB36005605760AA60FC614F61A261F56249629C62F06343639763EB6440649464E9653D659265E7663D669266E8673D679367E9683F689668EC6943699A69F16A486A9F6AF76B4F6BA76BFF6C576CAF6D086D606DB96E126E6B6EC46F1E6F786FD1702B708670E0713A719571F0724B72A67301735D73B87414747074CC7528758575E1763E769B76F8775677B37811786E78CC792A798979E77A467AA57B047B637BC27C217C817CE17D417DA17E017E627EC27F237F847FE5804780A8810A816B81CD8230829282F4835783BA841D848084E3854785AB860E867286D7873B879F8804886988CE8933899989FE8A648ACA8B308B968BFC8C638CCA8D318D988DFF8E668ECE8F368F9E9006906E90D6913F91A89211927A92E3934D93B69420948A94F4955F95C99634969F970A977597E0984C98B89924999099FC9A689AD59B429BAF9C1C9C899CF79D649DD29E409EAE9F1D9F8B9FFAA069A0D8A147A1B6A226A296A306A376A3E6A456A4C7A538A5A9A61AA68BA6FDA76EA7E0A852A8C4A937A9A9AA1CAA8FAB02AB75ABE9AC5CACD0AD44ADB8AE2DAEA1AF16AF8BB000B075B0EAB160B1D6B24BB2C2B338B3AEB425B49CB513B58AB601B679B6F0B768B7E0B859B8D1B94AB9C2BA3BBAB5BB2EBBA7BC21BC9BBD15BD8FBE0ABE84BEFFBF7ABFF5C070C0ECC167C1E3C25FC2DBC358C3D4C451C4CEC54BC5C8C646C6C3C741C7BFC83DC8BCC93AC9B9CA38CAB7CB36CBB6CC35CCB5CD35CDB5CE36CEB6CF37CFB8D039D0BAD13CD1BED23FD2C1D344D3C6D449D4CBD54ED5D1D655D6D8D75CD7E0D864D8E8D96CD9F1DA76DAFBDB80DC05DC8ADD10DD96DE1CDEA2DF29DFAFE036E0BDE144E1CCE253E2DBE363E3EBE473E4FCE584E60DE696E71FE7A9E832E8BCE946E9D0EA5BEAE5EB70EBFBEC86ED11ED9CEE28EEB4EF40EFCCF058F0E5F172F1FFF28CF319F3A7F434F4C2F550F5DEF66DF6FBF78AF819F8A8F938F9C7FA57FAE7FB77FC07FC98FD29FDBAFE4BFEDCFF6DFFFFFFED000C41646F62655F434D0002FFEE000E41646F626500648000000001FFDB0084000C08080809080C09090C110B0A0B11150F0C0C0F1518131315131318110C0C0C0C0C0C110C0C0C0C0C0C0C0C0C0C0C0C0C0C0C0C0C0C0C0C0C0C0C0C0C0C0C0C010D0B0B0D0E0D100E0E10140E0E0E14140E0E0E0E14110C0C0C0C0C11110C0C0C0C0C0C110C0C0C0C0C0C0C0C0C0C0C0C0C0C0C0C0C0C0C0C0C0C0C0C0C0C0C0CFFC0001108009100A003012200021101031101FFDD0004000AFFC4013F0000010501010101010100000000000000030001020405060708090A0B0100010501010101010100000000000000010002030405060708090A0B1000010401030204020507060805030C33010002110304211231054151611322718132061491A1B14223241552C16233347282D14307259253F0E1F163733516A2B283264493546445C2A3743617D255E265F2B384C3D375E3F3462794A485B495C4D4E4F4A5B5C5D5E5F55666768696A6B6C6D6E6F637475767778797A7B7C7D7E7F711000202010204040304050607070605350100021103213112044151617122130532819114A1B14223C152D1F0332462E1728292435315637334F1250616A2B283072635C2D2449354A317644555367465E2F2B384C3D375E3F34694A485B495C4D4E4F4A5B5C5D5E5F55666768696A6B6C6D6E6F62737475767778797A7B7C7FFDA000C03010002110311003F00F554924925292492494A49249252924934A4A5D2492494A49249252924D2129494BA49249294924924A524924929FFD0F554924925292492494A49249252971991F5E3A98CDBE8C7E98D34D4F7B1973AEDC5E18E2CF5456D633632CFCDFD22E97ABE6FD9309EF698B5FF00A3AB583B9DF9DFF5B6FE917218F8A012E2200103E0B33E25F113CB18C31D1991C52BFF009ADDE4F96864129E404C4691A3C3AF56D0FAE5D7BFF2BB1FE26F7B7FF44588957D6DFAC163E3F67E201FF861FF00C719527D52E8011598B71E2B711F03FDCB387C639B3B007C041BA791E56B623FC293AF4FD63CE3FCFE1D63FE2EE2EFFABA5888DFAC8E261D88F1F0730FFD539AB359558D1EE611F107F8A67360E9D933FD33CED9078479C188727CBF627FC22DBCEFAD1978EC165589EA3260B5C43481E3B9AFB3FEA16FD170BA9AED02058C6BC0F0DC372E61CC6DB51638482216A7D5BC9DF8CEC4799B314ED1E6C3AB3FCDFA2AFF00C3BE259336538B370D9170311C3AC7F458399E5611C5C78C10627D7ADFA65B176124925B0D15249249294924924A7FFFD1F554924925292492494A49249253C97F8C100E0E21EFEB11F7B1CB95C5A9CFD95D4C2FB1FA31AD12E3F06B7DCBABFF00181FF27E2C024FAE600E4FB1DA0598CBC742A5B878DB4F537B41CBC8D1DE9EED463D3FD4FF00CCD6473B8C4B34E53970E3888F111A9DB4847FAD276B92C863CBE38C47164919F0C7A7A65ACE67F723C49E9FAB96D6C16F50C8A7018781610E7FFD536BFF00C16C566BC3E84DF68EA8F27C58CF6FFD16BBFEA9603ED739E6EBDC6CB5C60BDE4B9C7FB4E456E400353B7C3512B3E59B10D21CB897F5B24A7297FCC9417731CC4311ACFCCF0CEB8B831423E9FF009B9A5FE3BD057D2F1EE8187D45973BB56FD09FF35DBBFF0003517E1E5623A2F66D1D9DCB0FF6FF00F24B2E97B6CE608F15AF819D914B36906DC6276B98E04B35FCD6D87DADFF008B5171F2F90F0CB19C121FA7032C98C7F7F14FD5C3FDC9ACE394A1C78F20CD03DC704FE928FE97F7B1A3C8FA097D531FE53C9FF8AFFBF8563A850C6D42FA3DD8F669E6C77EE3903EA9FF00CA793FF17FF7E6A9793C72C7CEE38CAB70411AC6513F2CA27F76499484B94CC47EEFD878B62F5692492E9DC55249249294924924A7FFD2F5549324929749324929749324929C0FAD6FC7AABC2CACB7B6AC5C4B8E45D6593B1A2BADFB3747BB77AEEAB631BEFB3E856B86C2EA3D33AA0C87E0655D7E4D23D6C86E4522A2E6BDCDADF9546CB2FF00636EB2ADF55BFA4FD233FD1AD8FF001C96D8CFABB86D6B88AECCC6FA83B10DAED73777F6BDCB0FA5F4DA3EA97D587F54EAF4D8FCEEA8E6575E030EDB4D4C9C966358FDAF7D1EAECFB5673FFC0B195637F3AA3CDC9E3CD8A7C5AE491FD56B5C33AD1B1839B9E29C05D631A64D2F8A1C5C46BFC6664E46E82D93C020123FB308F4E3E458751CEA4B96461FD7BC37DA1B9DD2EAAB11C63D6C3B6CF5AB6FFA4DB90EB2ACADBFB8E5D375CEA585F5729C2B2EC6FDA2CCEAADBB1B2D8FFD1B9ECDAEC5AECA3DBFAA3EBB6ABAEFD23EDFF8D5992F83F3A27184638FD43E6B3C3E5F2AD94391999659E6CF2F5598CC43DC37FBD365463514D2FCAB72AAC6A2B21965D7BC32BDEE07657C3F758B37AA7D69C9A3AED36F4ACF193814D1557F6766EFB3B8B67ED545D53C06BECB7E9FDA767F37B117A8E3FD76AFEAE33EB0E4F54AEDC6B6BAECB7A5FA0C34B69B8B0575FA3631D4D9E936CAFD4ADCCDFF00CE7EB3FA2F7D7C9A3A3753FAA6EEB78183574FEA3857D75F50AA891596BCEC9AEA9D9E83FD7AB26AF67E8767A3FE0D6CFC37E1B8B96F5CE5EFCE7FA9C93D3DBD7F4781ADCCE6E28F06288C3089F7231065C5B70F1713D074DFAD3D1B2F1FA8D7915D9D3F1E9A9B65965EE1656373B651EEA7DECC8759FCD53EF7DFB3D8AD7D4EBB13232EFCAC1C86E5E2D8C2D6DCC6B990F639BEAD36D36816576B77B1FEFF00F07FCD2C3E919187FF0036F03A5FECAABAB67752C9CA76363DBB58C8A5CFAECCBBAF735FB5D8F4BBD1AACFE7BFC154A5FE28ABB6AFDAB5DC1CC7577359B1FC87B5A59737FACDD8C63D333FC3B96811931C3DB961908E3025E9E0E3E197A7FBDC6CD879BCDC1284A5C71CB1B9E9FA5FA2FA3A49924562E92649252E92649253FFD3F5394946529494BA49A534A4A64928CA52929E1BFC6EE45B8DD23A5E5D276DB4751AECACF8398CB6C67FD26ACBE89F5EBAAD1D2B27ADF5B1F6939D902AE8B83431B53AC7B777DB1B8EE6B5F6FD99AFB29A1F7FE9ECF53FE1969FF8E1A9F67D5AC57B448AF3AB2E8EC0D77367FCE72E23232F3B1FA1FD55EB94FE93F673AEA00B1A4D6DBA9BBED345766DD9FCFE3EDFCEF53F40F534222510286A48FEC5A4D173BAED7D419D6722DEA184EE9D9194F393F652D200169DCDF4B77D3639E1FF00F5DF57F9B5B9F58322CBFEA9FD5216990DA729A3CDB5BEAC6ABFB3E9351B3BAD57F5F72F17A7FD8D9D37A854CB9F8F946C36D4E686FAF7519A0D55DD554EF4BD466433D7F4EEFF0001FA6B2C5AF8DD0314FD5EA3A475EBEBBDD856BACE9D91D32CDD6B1976EB321B7FDAE9AE8F4FD43FFAAFD152E4E6B16118E59E51C661BC49F5705187A07E9223832653218A267C4371B5FF00590DFF00588E47F8B4C5C1799C975EDE9CE23DBFA3C62DC9DFFD5FB2D78F4BFF00E3557FAB38D916FD5BFACBE954FB4DD4E3555B2B69739F6EEB9EDAD8C6073B7EDBE9FF00A0BA1A3EAF74CB3A4B7A5D7D3EC774DAEC37B722EB3D1BBD63ED7657DA5A2BA59FA2FD1FA1555E8AD0ABA7E2F46C4AA9C79C6C605CF6D38AE3658F7BC7E96FC8CDBCD7BED77FE7BFE6FF0046AA4FE2FCB470CFDA8CA44E412F58F6615C5C5C519CFF00BBFA3C6C9F70CA720192518FA4C681E39717EEF0C5C5CBFAAF6DB8DD2F0F073BEC3D63A734D66E87963ADBDDF68C9F4ACA0EEA5D45EFBB66EFD1DCCFD0D8B5BEA6D7858BD4BAAE262E4BB24D97DB95617B76B9AE796D7636CF636A77E958F7D365167A3655FE0EB7AB38D7543145F8D8CC659EABAA649DEEFE6C7A6E16BFE8BB7BFF003553FA92DADD6BEDA9BB5ADA054E69DC5CCB1AFF00D3B0D8F0DF53D777EB7F43F4765DE92A583E23973C8E39CE323C44C8462470C327EBB1FAA5FE12ECF8E38A708C232008A2647AC3D1FA2F5E928CA52AEAC64928CA79494CA5295194A5253FFFD4F4F94A546534A4A65294A8CA6DC9299EE4B7284A52929E77EBED78D7747AB1B2C96E3645DE95CE03739A1CC7965ED6FE73B1AE65591B3FC27A7B160FD5CE8B934F401D0EE7E265640B6FB5DD3DCE16D19143CB3D3B9AF05BE95CD755EBE2FBEAC8ABFC2FA2B73EBE6BD2F17C7ED43FF3DD8B93A0DE290FC5AC5D6306FF0045BED739D2EDAFA5BB6AB9F657BEABABF4B2F0BD2F42FABD3B7D6FD2D696597BC707108C67520652E0F57684BF7E4DEC5861F778F30632918194642311923C32FD29C25FA306ED18F89D2FD5C5C3E9D5F4AB2F1B723F9C7DEE618DD4FDA32DF659F667EC67E8E9FD0DAB67A2DEDA05B77B43E97D2F739CD04FA25C6BC8DBB9A5CDFA6C7FB156ABEB369E8645F8D9B536E343465B491BD95B2F7FA790C6BBD56EDB7D0AAEB31FF5DBFD3FB3FA9EBD6AEE3753E9C7696F4F6306507D6D750F780FACB45B73E963A9AAAB29F43F4D5E5FF42B3FC0E4AA79795E63DE19A73993106BDC84E5C3FE161E38FA5B0398C0709C508C00957F3738012D7F773FB593D5FE1B3BDB65575CEC92EBCE2920B5EE24B893B71EB976ED9EB3B65BFF0085FD5B1336F71A6B75B3736E69FB40E0BCB6C7D66C67E6B2DF6FB1FF00FA2D4F207AD8B563DB735A5BEFC6CA208AAF6802BADD758D1B997D55FB7DECF67F844995E251454326E63C546C3E8D2FDE5CD73B7B185EDF6B19EEFD22CF9E3E113E1908D7AB8A6637C4671F4CFF007BF57FF86FF93F73DC5B638458B95D501D84BE5FF0FF00F0BFD3496575D1563E3B6CDC1C4DCE734448B2367F55FE9B59ED54FEA8B76F5BEAEE63A6B712607126C7EA8CEB2C7D83372C1154CD6C3A3AD23DCDAEA67FA377FA6FE6FD243FAA2C6B73B3DE06D363439CD1C097B9DEDFBD4DC88AE72323E9E3D230FD2F6E11A84A5FE0B0731CBCE78C64DE3849390DFE964F4FA7F7BD6F55B92DCA1294ADF693394A542529494CE53CA84A52929FFFD5F4A2534A44A69494BCA694D29A5253294A546529494F3DF5EFFE48C6FF00C36DFF00CF76AE4A8920788D5757F5ECFF009231FF00F0E33FF3DDCB92A4FB5637C4FF009DFF00043BBF0BFE63FC22DF6E55C401616DA04002E6B6C101C2E633F49EFF004DB7B2BBF63DFF00CF568D8FF67AED65CCC7ADB6B0C878DD306B38BB5DB9CF6EC6E39F4EA67F83FE6BF9B54DA78566B3A2A5F7BE6211318E59889155C5A3767CA609FAA58A065BF1708E26FE2E66463B4D75D9FA37197D4F687309F1F4AC1B5AEFFB6D5CAFA965120B1B554EFF0083A9A1D3FD6DA565B4AB78BCAABEFE588A1390036D7E5FEEB1E5C30D646209EB6374B94E73E5F612E7911B9C493F7B91BEAAFF004ACB3FF06CFF00AA285923DA89F55B4C9CBFEA37FEA9CAC7C2893CD409D753FF00464D7E63FDC59BCA3FFA522F49294A8CA52BA870594A7950052949492529509529494FFFD6F48298A990A2424A6298952213424A5A5312A50A2F0929C5FAD38193D4BA58A7161D753736F6D66017801ECB18C73BDBEABBD5DCB87A6EAC39D4BC9AAE61DAFAAD058F691F9AFADF0F62F46C96D9B4FA63DC676F7E570FF59199765E1CFAC5F6306D0E1F4837FD1EEF76EFED2ABCCF271CFEA323196D7B86E729CF4B00E0E1138DF17697DA8D867832AD565736325F591BE8B6BF809FFA93FF007C561BD6286C6EBAC6F97A761FFA96ACF9FC2721DB243EBC41D28FC671551C5307C384FF00DEBD1B0AB78A61CB97675BC0E5D7DAEF2155C3F8351D9D7B0469551999123F35A18DFF003EEB77FF00E04A23F05CA77CB01FE37F063C9F15C52040864FB23FF7CF4B9B914D6D1BDED6FC4F3E4ADFD5BC6BA86DB91734D62F81531DF48B4127D4737F3173787D433326C67D9F019823BBDEFF0056D71FE55BB2BA99FF005BAD75F80DBFD306D9DC44993255DE4BE170E5E6321C9EE486D438623FE934B373F29E296211E18CAB889372F4FA9D16BA54A54180C2200B49A4A092509E12529384805201253FFFD7F4E2D512D47DA131624A6BED4B6A396262C494836A459211F614B61494E76756EF448669B9D063C1659C00446D0BA3755B841E26547ECAC4C94495F19D0D9E5ACE8F5B8EAC0827A06393FCD05D7FD959D92FB2B7C026FB67BAEF70767916F40C6067D20AC53D16861D2B0174DF656F804BECE3C12F6CF741C83B38CDC16B78688F085670E8734398676B756CF9AD1F4078276D3B781CF29431989BB419822A9086404FB4A3EC296C2A558836A70D46D852D8929186A70D440C52DA1253FFD0F55497CAA924A7EA9497CAC924A7EA8497CAE924A7EA9292F9592490FD52532F95D2492FD509C70BE5649243F54A4BE564924BF5424BE5749253F54275F2B24929FAA925F2AA4929FFD9FFED26F850686F746F73686F7020332E30003842494D040400000000000F1C015A00031B25471C020000021E7C003842494D0425000000000010DC52537BB2B344A285EF45D0575673463842494D043A0000000000F1000000100000000100000000000B7072696E744F7574707574000000050000000050737453626F6F6C0100000000496E7465656E756D00000000496E746500000000436C726D0000000F7072696E745369787465656E426974626F6F6C000000000B7072696E7465724E616D65544558540000000100000000000F7072696E7450726F6F6653657475704F626A630000001200500072006F006F0066002D00450069006E007300740065006C006C0075006E006700000000000A70726F6F6653657475700000000100000000426C746E656E756D0000000C6275696C74696E50726F6F660000000970726F6F66434D594B003842494D043B00000000022D00000010000000010000000000127072696E744F75747075744F7074696F6E7300000017000000004370746E626F6F6C0000000000436C6272626F6F6C00000000005267734D626F6F6C000000000043726E43626F6F6C0000000000436E7443626F6F6C00000000004C626C73626F6F6C00000000004E677476626F6F6C0000000000456D6C44626F6F6C0000000000496E7472626F6F6C000000000042636B674F626A630000000100000000000052474243000000030000000052642020646F7562406FE000000000000000000047726E20646F7562406FE0000000000000000000426C2020646F7562406FE000000000000000000042726454556E744623526C74000000000000000000000000426C6420556E744623526C7400000000000000000000000052736C74556E74462350786C40520000000000000000000A766563746F7244617461626F6F6C010000000050675073656E756D00000000506750730000000050675043000000004C656674556E744623526C74000000000000000000000000546F7020556E744623526C7400000000000000000000000053636C20556E74462350726340590000000000000000001063726F705768656E5072696E74696E67626F6F6C000000000E63726F7052656374426F74746F6D6C6F6E67000000000000000C63726F70526563744C6566746C6F6E67000000000000000D63726F705265637452696768746C6F6E67000000000000000B63726F7052656374546F706C6F6E6700000000003842494D03ED000000000010004800000001000200480000000100023842494D042600000000000E000000000000000000003F8000003842494D040D0000000000040000001E3842494D04190000000000040000001E3842494D03F3000000000009000000000000000001003842494D271000000000000A000100000000000000023842494D03F5000000000048002F66660001006C66660006000000000001002F6666000100A1999A0006000000000001003200000001005A00000006000000000001003500000001002D000000060000000000013842494D03F80000000000700000FFFFFFFFFFFFFFFFFFFFFFFFFFFFFFFFFFFFFFFFFFFF03E800000000FFFFFFFFFFFFFFFFFFFFFFFFFFFFFFFFFFFFFFFFFFFF03E800000000FFFFFFFFFFFFFFFFFFFFFFFFFFFFFFFFFFFFFFFFFFFF03E800000000FFFFFFFFFFFFFFFFFFFFFFFFFFFFFFFFFFFFFFFFFFFF03E800003842494D0408000000000010000000010000024000000240000000003842494D041E000000000004000000003842494D041A00000000033F000000060000000000000000000000A8000000BA0000000500660061006E007400610000000100000000000000000000000000000000000000010000000000000000000000BA000000A800000000000000000000000000000000010000000000000000000000000000000000000010000000010000000000006E756C6C0000000200000006626F756E64734F626A6300000001000000000000526374310000000400000000546F70206C6F6E6700000000000000004C6566746C6F6E67000000000000000042746F6D6C6F6E67000000A800000000526768746C6F6E67000000BA00000006736C69636573566C4C73000000014F626A6300000001000000000005736C6963650000001200000007736C69636549446C6F6E67000000000000000767726F757049446C6F6E6700000000000000066F726967696E656E756D0000000C45536C6963654F726967696E0000000D6175746F47656E6572617465640000000054797065656E756D0000000A45536C6963655479706500000000496D672000000006626F756E64734F626A6300000001000000000000526374310000000400000000546F70206C6F6E6700000000000000004C6566746C6F6E67000000000000000042746F6D6C6F6E67000000A800000000526768746C6F6E67000000BA0000000375726C54455854000000010000000000006E756C6C54455854000000010000000000004D7367655445585400000001000000000006616C74546167544558540000000100000000000E63656C6C54657874497348544D4C626F6F6C010000000863656C6C546578745445585400000001000000000009686F727A416C69676E656E756D0000000F45536C696365486F727A416C69676E0000000764656661756C740000000976657274416C69676E656E756D0000000F45536C69636556657274416C69676E0000000764656661756C740000000B6267436F6C6F7254797065656E756D0000001145536C6963654247436F6C6F7254797065000000004E6F6E6500000009746F704F75747365746C6F6E67000000000000000A6C6566744F75747365746C6F6E67000000000000000C626F74746F6D4F75747365746C6F6E67000000000000000B72696768744F75747365746C6F6E6700000000003842494D042800000000000C000000023FF00000000000003842494D041100000000000101003842494D0414000000000004000000023842494D040C000000001DF600000001000000A000000091000001E000010FE000001DDA00180001FFD8FFE20C584943435F50524F46494C4500010100000C484C696E6F021000006D6E74725247422058595A2007CE00020009000600310000616373704D5346540000000049454320735247420000000000000000000000010000F6D6000100000000D32D4850202000000000000000000000000000000000000000000000000000000000000000000000000000000000000000000000001163707274000001500000003364657363000001840000006C77747074000001F000000014626B707400000204000000147258595A00000218000000146758595A0000022C000000146258595A0000024000000014646D6E640000025400000070646D6464000002C400000088767565640000034C0000008676696577000003D4000000246C756D69000003F8000000146D6561730000040C0000002474656368000004300000000C725452430000043C0000080C675452430000043C0000080C625452430000043C0000080C7465787400000000436F70797269676874202863292031393938204865776C6574742D5061636B61726420436F6D70616E790000646573630000000000000012735247422049454336313936362D322E31000000000000000000000012735247422049454336313936362D322E31000000000000000000000000000000000000000000000000000000000000000000000000000000000000000000000000000058595A20000000000000F35100010000000116CC58595A200000000000000000000000000000000058595A200000000000006FA2000038F50000039058595A2000000000000062990000B785000018DA58595A2000000000000024A000000F840000B6CF64657363000000000000001649454320687474703A2F2F7777772E6965632E636800000000000000000000001649454320687474703A2F2F7777772E6965632E63680000000000000000000000000000000000000000000000000000000000000000000000000000000000000000000064657363000000000000002E4945432036313936362D322E312044656661756C742052474220636F6C6F7572207370616365202D207352474200000000000000000000002E4945432036313936362D322E312044656661756C742052474220636F6C6F7572207370616365202D20735247420000000000000000000000000000000000000000000064657363000000000000002C5265666572656E63652056696577696E6720436F6E646974696F6E20696E2049454336313936362D322E3100000000000000000000002C5265666572656E63652056696577696E6720436F6E646974696F6E20696E2049454336313936362D322E31000000000000000000000000000000000000000000000000000076696577000000000013A4FE00145F2E0010CF140003EDCC0004130B00035C9E0000000158595A2000000000004C09560050000000571FE76D6561730000000000000001000000000000000000000000000000000000028F0000000273696720000000004352542063757276000000000000040000000005000A000F00140019001E00230028002D00320037003B00400045004A004F00540059005E00630068006D00720077007C00810086008B00900095009A009F00A400A900AE00B200B700BC00C100C600CB00D000D500DB00E000E500EB00F000F600FB01010107010D01130119011F0125012B01320138013E0145014C0152015901600167016E0175017C0183018B0192019A01A101A901B101B901C101C901D101D901E101E901F201FA0203020C0214021D0226022F02380241024B0254025D02670271027A0284028E029802A202AC02B602C102CB02D502E002EB02F50300030B03160321032D03380343034F035A03660372037E038A039603A203AE03BA03C703D303E003EC03F9040604130420042D043B0448045504630471047E048C049A04A804B604C404D304E104F004FE050D051C052B053A05490558056705770586059605A605B505C505D505E505F6060606160627063706480659066A067B068C069D06AF06C006D106E306F507070719072B073D074F076107740786079907AC07BF07D207E507F8080B081F08320846085A086E0882089608AA08BE08D208E708FB09100925093A094F09640979098F09A409BA09CF09E509FB0A110A270A3D0A540A6A0A810A980AAE0AC50ADC0AF30B0B0B220B390B510B690B800B980BB00BC80BE10BF90C120C2A0C430C5C0C750C8E0CA70CC00CD90CF30D0D0D260D400D5A0D740D8E0DA90DC30DDE0DF80E130E2E0E490E640E7F0E9B0EB60ED20EEE0F090F250F410F5E0F7A0F960FB30FCF0FEC1009102610431061107E109B10B910D710F511131131114F116D118C11AA11C911E81207122612451264128412A312C312E31303132313431363138313A413C513E5140614271449146A148B14AD14CE14F01512153415561578159B15BD15E0160316261649166C168F16B216D616FA171D17411765178917AE17D217F7181B18401865188A18AF18D518FA19201945196B199119B719DD1A041A2A1A511A771A9E1AC51AEC1B141B3B1B631B8A1BB21BDA1C021C2A1C521C7B1CA31CCC1CF51D1E1D471D701D991DC31DEC1E161E401E6A1E941EBE1EE91F131F3E1F691F941FBF1FEA20152041206C209820C420F0211C2148217521A121CE21FB22272255228222AF22DD230A23382366239423C223F0241F244D247C24AB24DA250925382568259725C725F726272657268726B726E827182749277A27AB27DC280D283F287128A228D429062938296B299D29D02A022A352A682A9B2ACF2B022B362B692B9D2BD12C052C392C6E2CA22CD72D0C2D412D762DAB2DE12E162E4C2E822EB72EEE2F242F5A2F912FC72FFE3035306C30A430DB3112314A318231BA31F2322A3263329B32D4330D3346337F33B833F1342B3465349E34D83513354D358735C235FD3637367236AE36E937243760379C37D738143850388C38C839053942397F39BC39F93A363A743AB23AEF3B2D3B6B3BAA3BE83C273C653CA43CE33D223D613DA13DE03E203E603EA03EE03F213F613FA23FE24023406440A640E74129416A41AC41EE4230427242B542F7433A437D43C044034447448A44CE45124555459A45DE4622466746AB46F04735477B47C04805484B489148D7491D496349A949F04A374A7D4AC44B0C4B534B9A4BE24C2A4C724CBA4D024D4A4D934DDC4E254E6E4EB74F004F494F934FDD5027507150BB51065150519B51E65231527C52C75313535F53AA53F65442548F54DB5528557555C2560F565C56A956F75744579257E0582F587D58CB591A596959B85A075A565AA65AF55B455B955BE55C355C865CD65D275D785DC95E1A5E6C5EBD5F0F5F615FB36005605760AA60FC614F61A261F56249629C62F06343639763EB6440649464E9653D659265E7663D669266E8673D679367E9683F689668EC6943699A69F16A486A9F6AF76B4F6BA76BFF6C576CAF6D086D606DB96E126E6B6EC46F1E6F786FD1702B708670E0713A719571F0724B72A67301735D73B87414747074CC7528758575E1763E769B76F8775677B37811786E78CC792A798979E77A467AA57B047B637BC27C217C817CE17D417DA17E017E627EC27F237F847FE5804780A8810A816B81CD8230829282F4835783BA841D848084E3854785AB860E867286D7873B879F8804886988CE8933899989FE8A648ACA8B308B968BFC8C638CCA8D318D988DFF8E668ECE8F368F9E9006906E90D6913F91A89211927A92E3934D93B69420948A94F4955F95C99634969F970A977597E0984C98B89924999099FC9A689AD59B429BAF9C1C9C899CF79D649DD29E409EAE9F1D9F8B9FFAA069A0D8A147A1B6A226A296A306A376A3E6A456A4C7A538A5A9A61AA68BA6FDA76EA7E0A852A8C4A937A9A9AA1CAA8FAB02AB75ABE9AC5CACD0AD44ADB8AE2DAEA1AF16AF8BB000B075B0EAB160B1D6B24BB2C2B338B3AEB425B49CB513B58AB601B679B6F0B768B7E0B859B8D1B94AB9C2BA3BBAB5BB2EBBA7BC21BC9BBD15BD8FBE0ABE84BEFFBF7ABFF5C070C0ECC167C1E3C25FC2DBC358C3D4C451C4CEC54BC5C8C646C6C3C741C7BFC83DC8BCC93AC9B9CA38CAB7CB36CBB6CC35CCB5CD35CDB5CE36CEB6CF37CFB8D039D0BAD13CD1BED23FD2C1D344D3C6D449D4CBD54ED5D1D655D6D8D75CD7E0D864D8E8D96CD9F1DA76DAFBDB80DC05DC8ADD10DD96DE1CDEA2DF29DFAFE036E0BDE144E1CCE253E2DBE363E3EBE473E4FCE584E60DE696E71FE7A9E832E8BCE946E9D0EA5BEAE5EB70EBFBEC86ED11ED9CEE28EEB4EF40EFCCF058F0E5F172F1FFF28CF319F3A7F434F4C2F550F5DEF66DF6FBF78AF819F8A8F938F9C7FA57FAE7FB77FC07FC98FD29FDBAFE4BFEDCFF6DFFFFFFED000C41646F62655F434D0002FFEE000E41646F626500648000000001FFDB0084000C08080809080C09090C110B0A0B11150F0C0C0F1518131315131318110C0C0C0C0C0C110C0C0C0C0C0C0C0C0C0C0C0C0C0C0C0C0C0C0C0C0C0C0C0C0C0C0C0C010D0B0B0D0E0D100E0E10140E0E0E14140E0E0E0E14110C0C0C0C0C11110C0C0C0C0C0C110C0C0C0C0C0C0C0C0C0C0C0C0C0C0C0C0C0C0C0C0C0C0C0C0C0C0C0CFFC0001108009100A003012200021101031101FFDD0004000AFFC4013F0000010501010101010100000000000000030001020405060708090A0B0100010501010101010100000000000000010002030405060708090A0B1000010401030204020507060805030C33010002110304211231054151611322718132061491A1B14223241552C16233347282D14307259253F0E1F163733516A2B283264493546445C2A3743617D255E265F2B384C3D375E3F3462794A485B495C4D4E4F4A5B5C5D5E5F55666768696A6B6C6D6E6F637475767778797A7B7C7D7E7F711000202010204040304050607070605350100021103213112044151617122130532819114A1B14223C152D1F0332462E1728292435315637334F1250616A2B283072635C2D2449354A317644555367465E2F2B384C3D375E3F34694A485B495C4D4E4F4A5B5C5D5E5F55666768696A6B6C6D6E6F62737475767778797A7B7C7FFDA000C03010002110311003F00F554924925292492494A49249252924934A4A5D2492494A49249252924D2129494BA49249294924924A524924929FFD0F554924925292492494A49249252971991F5E3A98CDBE8C7E98D34D4F7B1973AEDC5E18E2CF5456D633632CFCDFD22E97ABE6FD9309EF698B5FF00A3AB583B9DF9DFF5B6FE917218F8A012E2200103E0B33E25F113CB18C31D1991C52BFF009ADDE4F96864129E404C4691A3C3AF56D0FAE5D7BFF2BB1FE26F7B7FF44588957D6DFAC163E3F67E201FF861FF00C719527D52E8011598B71E2B711F03FDCB387C639B3B007C041BA791E56B623FC293AF4FD63CE3FCFE1D63FE2EE2EFFABA5888DFAC8E261D88F1F0730FFD539AB359558D1EE611F107F8A67360E9D933FD33CED9078479C188727CBF627FC22DBCEFAD1978EC165589EA3260B5C43481E3B9AFB3FEA16FD170BA9AED02058C6BC0F0DC372E61CC6DB51638482216A7D5BC9DF8CEC4799B314ED1E6C3AB3FCDFA2AFF00C3BE259336538B370D9170311C3AC7F458399E5611C5C78C10627D7ADFA65B176124925B0D15249249294924924A7FFFD1F554924925292492494A49249253C97F8C100E0E21EFEB11F7B1CB95C5A9CFD95D4C2FB1FA31AD12E3F06B7DCBABFF00181FF27E2C024FAE600E4FB1DA0598CBC742A5B878DB4F537B41CBC8D1DE9EED463D3FD4FF00CCD6473B8C4B34E53970E3888F111A9DB4847FAD276B92C863CBE38C47164919F0C7A7A65ACE67F723C49E9FAB96D6C16F50C8A7018781610E7FFD536BFF00C16C566BC3E84DF68EA8F27C58CF6FFD16BBFEA9603ED739E6EBDC6CB5C60BDE4B9C7FB4E456E400353B7C3512B3E59B10D21CB897F5B24A7297FCC9417731CC4311ACFCCF0CEB8B831423E9FF009B9A5FE3BD057D2F1EE8187D45973BB56FD09FF35DBBFF0003517E1E5623A2F66D1D9DCB0FF6FF00F24B2E97B6CE608F15AF819D914B36906DC6276B98E04B35FCD6D87DADFF008B5171F2F90F0CB19C121FA7032C98C7F7F14FD5C3FDC9ACE394A1C78F20CD03DC704FE928FE97F7B1A3C8FA097D531FE53C9FF8AFFBF8563A850C6D42FA3DD8F669E6C77EE3903EA9FF00CA793FF17FF7E6A9793C72C7CEE38CAB70411AC6513F2CA27F76499484B94CC47EEFD878B62F5692492E9DC55249249294924924A7FFD2F5549324929749324929749324929C0FAD6FC7AABC2CACB7B6AC5C4B8E45D6593B1A2BADFB3747BB77AEEAB631BEFB3E856B86C2EA3D33AA0C87E0655D7E4D23D6C86E4522A2E6BDCDADF9546CB2FF00636EB2ADF55BFA4FD233FD1AD8FF001C96D8CFABB86D6B88AECCC6FA83B10DAED73777F6BDCB0FA5F4DA3EA97D587F54EAF4D8FCEEA8E6575E030EDB4D4C9C966358FDAF7D1EAECFB5673FFC0B195637F3AA3CDC9E3CD8A7C5AE491FD56B5C33AD1B1839B9E29C05D631A64D2F8A1C5C46BFC6664E46E82D93C020123FB308F4E3E458751CEA4B96461FD7BC37DA1B9DD2EAAB11C63D6C3B6CF5AB6FFA4DB90EB2ACADBFB8E5D375CEA585F5729C2B2EC6FDA2CCEAADBB1B2D8FFD1B9ECDAEC5AECA3DBFAA3EBB6ABAEFD23EDFF8D5992F83F3A27184638FD43E6B3C3E5F2AD94391999659E6CF2F5598CC43DC37FBD365463514D2FCAB72AAC6A2B21965D7BC32BDEE07657C3F758B37AA7D69C9A3AED36F4ACF193814D1557F6766EFB3B8B67ED545D53C06BECB7E9FDA767F37B117A8E3FD76AFEAE33EB0E4F54AEDC6B6BAECB7A5FA0C34B69B8B0575FA3631D4D9E936CAFD4ADCCDFF00CE7EB3FA2F7D7C9A3A3753FAA6EEB78183574FEA3857D75F50AA891596BCEC9AEA9D9E83FD7AB26AF67E8767A3FE0D6CFC37E1B8B96F5CE5EFCE7FA9C93D3DBD7F4781ADCCE6E28F06288C3089F7231065C5B70F1713D074DFAD3D1B2F1FA8D7915D9D3F1E9A9B65965EE1656373B651EEA7DECC8759FCD53EF7DFB3D8AD7D4EBB13232EFCAC1C86E5E2D8C2D6DCC6B990F639BEAD36D36816576B77B1FEFF00F07FCD2C3E919187FF0036F03A5FECAABAB67752C9CA76363DBB58C8A5CFAECCBBAF735FB5D8F4BBD1AACFE7BFC154A5FE28ABB6AFDAB5DC1CC7577359B1FC87B5A59737FACDD8C63D333FC3B96811931C3DB961908E3025E9E0E3E197A7FBDC6CD879BCDC1284A5C71CB1B9E9FA5FA2FA3A49924562E92649252E92649253FFD3F5394946529494BA49A534A4A64928CA52929E1BFC6EE45B8DD23A5E5D276DB4751AECACF8398CB6C67FD26ACBE89F5EBAAD1D2B27ADF5B1F6939D902AE8B83431B53AC7B777DB1B8EE6B5F6FD99AFB29A1F7FE9ECF53FE1969FF8E1A9F67D5AC57B448AF3AB2E8EC0D77367FCE72E23232F3B1FA1FD55EB94FE93F673AEA00B1A4D6DBA9BBED345766DD9FCFE3EDFCEF53F40F534222510286A48FEC5A4D173BAED7D419D6722DEA184EE9D9194F393F652D200169DCDF4B77D3639E1FF00F5DF57F9B5B9F58322CBFEA9FD5216990DA729A3CDB5BEAC6ABFB3E9351B3BAD57F5F72F17A7FD8D9D37A854CB9F8F946C36D4E686FAF7519A0D55DD554EF4BD466433D7F4EEFF0001FA6B2C5AF8DD0314FD5EA3A475EBEBBDD856BACE9D91D32CDD6B1976EB321B7FDAE9AE8F4FD43FFAAFD152E4E6B16118E59E51C661BC49F5705187A07E9223832653218A267C4371B5FF00590DFF00588E47F8B4C5C1799C975EDE9CE23DBFA3C62DC9DFFD5FB2D78F4BFF00E3557FAB38D916FD5BFACBE954FB4DD4E3555B2B69739F6EEB9EDAD8C6073B7EDBE9FF00A0BA1A3EAF74CB3A4B7A5D7D3EC774DAEC37B722EB3D1BBD63ED7657DA5A2BA59FA2FD1FA1555E8AD0ABA7E2F46C4AA9C79C6C605CF6D38AE3658F7BC7E96FC8CDBCD7BED77FE7BFE6FF0046AA4FE2FCB470CFDA8CA44E412F58F6615C5C5C519CFF00BBFA3C6C9F70CA720192518FA4C681E39717EEF0C5C5CBFAAF6DB8DD2F0F073BEC3D63A734D66E87963ADBDDF68C9F4ACA0EEA5D45EFBB66EFD1DCCFD0D8B5BEA6D7858BD4BAAE262E4BB24D97DB95617B76B9AE796D7636CF636A77E958F7D365167A3655FE0EB7AB38D7543145F8D8CC659EABAA649DEEFE6C7A6E16BFE8BB7BFF003553FA92DADD6BEDA9BB5ADA054E69DC5CCB1AFF00D3B0D8F0DF53D777EB7F43F4765DE92A583E23973C8E39CE323C44C8462470C327EBB1FAA5FE12ECF8E38A708C232008A2647AC3D1FA2F5E928CA52AEAC64928CA79494CA5295194A5253FFFD4F4F94A546534A4A65294A8CA6DC9299EE4B7284A52929E77EBED78D7747AB1B2C96E3645DE95CE03739A1CC7965ED6FE73B1AE65591B3FC27A7B160FD5CE8B934F401D0EE7E265640B6FB5DD3DCE16D19143CB3D3B9AF05BE95CD755EBE2FBEAC8ABFC2FA2B73EBE6BD2F17C7ED43FF3DD8B93A0DE290FC5AC5D6306FF0045BED739D2EDAFA5BB6AB9F657BEABABF4B2F0BD2F42FABD3B7D6FD2D696597BC707108C67520652E0F57684BF7E4DEC5861F778F30632918194642311923C32FD29C25FA306ED18F89D2FD5C5C3E9D5F4AB2F1B723F9C7DEE618DD4FDA32DF659F667EC67E8E9FD0DAB67A2DEDA05B77B43E97D2F739CD04FA25C6BC8DBB9A5CDFA6C7FB156ABEB369E8645F8D9B536E343465B491BD95B2F7FA790C6BBD56EDB7D0AAEB31FF5DBFD3FB3FA9EBD6AEE3753E9C7696F4F6306507D6D750F780FACB45B73E963A9AAAB29F43F4D5E5FF42B3FC0E4AA79795E63DE19A73993106BDC84E5C3FE161E38FA5B0398C0709C508C00957F3738012D7F773FB593D5FE1B3BDB65575CEC92EBCE2920B5EE24B893B71EB976ED9EB3B65BFF0085FD5B1336F71A6B75B3736E69FB40E0BCB6C7D66C67E6B2DF6FB1FF00FA2D4F207AD8B563DB735A5BEFC6CA208AAF6802BADD758D1B997D55FB7DECF67F844995E251454326E63C546C3E8D2FDE5CD73B7B185EDF6B19EEFD22CF9E3E113E1908D7AB8A6637C4671F4CFF007BF57FF86FF93F73DC5B638458B95D501D84BE5FF0FF00F0BFD3496575D1563E3B6CDC1C4DCE734448B2367F55FE9B59ED54FEA8B76F5BEAEE63A6B712607126C7EA8CEB2C7D83372C1154CD6C3A3AD23DCDAEA67FA377FA6FE6FD243FAA2C6B73B3DE06D363439CD1C097B9DEDFBD4DC88AE72323E9E3D230FD2F6E11A84A5FE0B0731CBCE78C64DE3849390DFE964F4FA7F7BD6F55B92DCA1294ADF693394A542529494CE53CA84A52929FFFD5F4A2534A44A69494BCA694D29A5253294A546529494F3DF5EFFE48C6FF00C36DFF00CF76AE4A8920788D5757F5ECFF009231FF00F0E33FF3DDCB92A4FB5637C4FF009DFF00043BBF0BFE63FC22DF6E55C401616DA04002E6B6C101C2E633F49EFF004DB7B2BBF63DFF00CF568D8FF67AED65CCC7ADB6B0C878DD306B38BB5DB9CF6EC6E39F4EA67F83FE6BF9B54DA78566B3A2A5F7BE6211318E59889155C5A3767CA609FAA58A065BF1708E26FE2E66463B4D75D9FA37197D4F687309F1F4AC1B5AEFFB6D5CAFA965120B1B554EFF0083A9A1D3FD6DA565B4AB78BCAABEFE588A1390036D7E5FEEB1E5C30D646209EB6374B94E73E5F612E7911B9C493F7B91BEAAFF004ACB3FF06CFF00AA285923DA89F55B4C9CBFEA37FEA9CAC7C2893CD409D753FF00464D7E63FDC59BCA3FFA522F49294A8CA52BA870594A7950052949492529509529494FFFD6F48298A990A2424A6298952213424A5A5312A50A2F0929C5FAD38193D4BA58A7161D753736F6D66017801ECB18C73BDBEABBD5DCB87A6EAC39D4BC9AAE61DAFAAD058F691F9AFADF0F62F46C96D9B4FA63DC676F7E570FF59199765E1CFAC5F6306D0E1F4837FD1EEF76EFED2ABCCF271CFEA323196D7B86E729CF4B00E0E1138DF17697DA8D867832AD565736325F591BE8B6BF809FFA93FF007C561BD6286C6EBAC6F97A761FFA96ACF9FC2721DB243EBC41D28FC671551C5307C384FF00DEBD1B0AB78A61CB97675BC0E5D7DAEF2155C3F8351D9D7B0469551999123F35A18DFF003EEB77FF00E04A23F05CA77CB01FE37F063C9F15C52040864FB23FF7CF4B9B914D6D1BDED6FC4F3E4ADFD5BC6BA86DB91734D62F81531DF48B4127D4737F3173787D433326C67D9F019823BBDEFF0056D71FE55BB2BA99FF005BAD75F80DBFD306D9DC44993255DE4BE170E5E6321C9EE486D438623FE934B373F29E296211E18CAB889372F4FA9D16BA54A54180C2200B49A4A092509E12529384805201253FFFD7F4E2D512D47DA131624A6BED4B6A396262C494836A459211F614B61494E76756EF448669B9D063C1659C00446D0BA3755B841E26547ECAC4C94495F19D0D9E5ACE8F5B8EAC0827A06393FCD05D7FD959D92FB2B7C026FB67BAEF70767916F40C6067D20AC53D16861D2B0174DF656F804BECE3C12F6CF741C83B38CDC16B78688F085670E8734398676B756CF9AD1F4078276D3B781CF29431989BB419822A9086404FB4A3EC296C2A558836A70D46D852D8929186A70D440C52DA1253FFD0F55497CAA924A7EA9497CAC924A7EA8497CAE924A7EA9292F9592490FD52532F95D2492FD509C70BE5649243F54A4BE564924BF5424BE5749253F54275F2B24929FAA925F2AA4929FFD93842494D042100000000005500000001010000000F00410064006F00620065002000500068006F0074006F00730068006F00700000001300410064006F00620065002000500068006F0074006F00730068006F0070002000430053003600000001003842494D04060000000000070008000000010100FFE10CB5687474703A2F2F6E732E61646F62652E636F6D2F7861702F312E302F003C3F787061636B657420626567696E3D22EFBBBF222069643D2257354D304D7043656869487A7265537A4E54637A6B633964223F3E203C783A786D706D65746120786D6C6E733A783D2261646F62653A6E733A6D6574612F2220783A786D70746B3D2241646F626520584D5020436F726520352E332D633031312036362E3134353636312C20323031322F30322F30362D31343A35363A32372020202020202020223E203C7264663A52444620786D6C6E733A7264663D22687474703A2F2F7777772E77332E6F72672F313939392F30322F32322D7264662D73796E7461782D6E7323223E203C7264663A4465736372697074696F6E207264663A61626F75743D222220786D6C6E733A786D704D4D3D22687474703A2F2F6E732E61646F62652E636F6D2F7861702F312E302F6D6D2F2220786D6C6E733A73744576743D22687474703A2F2F6E732E61646F62652E636F6D2F7861702F312E302F73547970652F5265736F757263654576656E74232220786D6C6E733A64633D22687474703A2F2F7075726C2E6F72672F64632F656C656D656E74732F312E312F2220786D6C6E733A70686F746F73686F703D22687474703A2F2F6E732E61646F62652E636F6D2F70686F746F73686F702F312E302F2220786D6C6E733A786D703D22687474703A2F2F6E732E61646F62652E636F6D2F7861702F312E302F2220786D704D4D3A446F63756D656E7449443D2230314631343032333636434433353642334244463533383843464243443743302220786D704D4D3A496E7374616E636549443D22786D702E6969643A35454332383246374233453045373131383836454442393734303839423642432220786D704D4D3A4F726967696E616C446F63756D656E7449443D223031463134303233363643443335364233424446353338384346424344374330222064633A666F726D61743D22696D6167652F6A706567222070686F746F73686F703A436F6C6F724D6F64653D22332220786D703A437265617465446174653D22323031372D31322D31345431303A34363A33312B30313A30302220786D703A4D6F64696679446174653D22323031372D31322D31345431303A34383A34312B30313A30302220786D703A4D65746164617461446174653D22323031372D31322D31345431303A34383A34312B30313A3030223E203C786D704D4D3A486973746F72793E203C7264663A5365713E203C7264663A6C692073744576743A616374696F6E3D227361766564222073744576743A696E7374616E636549443D22786D702E6969643A3545433238324637423345304537313138383645444239373430383942364243222073744576743A7768656E3D22323031372D31322D31345431303A34383A34312B30313A3030222073744576743A736F6674776172654167656E743D2241646F62652050686F746F73686F7020435336202857696E646F777329222073744576743A6368616E6765643D222F222F3E203C2F7264663A5365713E203C2F786D704D4D3A486973746F72793E203C2F7264663A4465736372697074696F6E3E203C2F7264663A5244463E203C2F783A786D706D6574613E2020202020202020202020202020202020202020202020202020202020202020202020202020202020202020202020202020202020202020202020202020202020202020202020202020202020202020202020202020202020202020202020202020202020202020202020202020202020202020202020202020202020202020202020202020202020202020202020202020202020202020202020202020202020202020202020202020202020202020202020202020202020202020202020202020202020202020202020202020202020202020202020202020202020202020202020202020202020202020202020202020202020202020202020202020202020202020202020202020202020202020202020202020202020202020202020202020202020202020202020202020202020202020202020202020202020202020202020202020202020202020202020202020202020202020202020202020202020202020202020202020202020202020202020202020202020202020202020202020202020202020202020202020202020202020202020202020202020202020202020202020202020202020202020202020202020202020202020202020202020202020202020202020202020202020202020202020202020202020202020202020202020202020202020202020202020202020202020202020202020202020202020202020202020202020202020202020202020202020202020202020202020202020202020202020202020202020202020202020202020202020202020202020202020202020202020202020202020202020202020202020202020202020202020202020202020202020202020202020202020202020202020202020202020202020202020202020202020202020202020202020202020202020202020202020202020202020202020202020202020202020202020202020202020202020202020202020202020202020202020202020202020202020202020202020202020202020202020202020202020202020202020202020202020202020202020202020202020202020202020202020202020202020202020202020202020202020202020202020202020202020202020202020202020202020202020202020202020202020202020202020202020202020202020202020202020202020202020202020202020202020202020202020202020202020202020202020202020202020202020202020202020202020202020202020202020202020202020202020202020202020202020202020202020202020202020202020202020202020202020202020202020202020202020202020202020202020202020202020202020202020202020202020202020202020202020202020202020202020202020202020202020202020202020202020202020202020202020202020202020202020202020202020202020202020202020202020202020202020202020202020202020202020202020202020202020202020202020202020202020202020202020202020202020202020202020202020202020202020202020202020202020202020202020202020202020202020202020202020202020202020202020202020202020202020202020202020202020202020202020202020202020202020202020202020202020202020202020202020202020202020202020202020202020202020202020202020202020202020202020202020202020202020202020202020202020202020202020202020202020202020202020202020202020202020202020202020202020202020202020202020202020202020202020202020202020202020202020202020202020202020202020202020202020202020202020202020202020202020202020202020202020202020202020202020202020202020202020202020202020202020202020202020202020202020202020202020202020202020202020202020202020202020202020202020202020202020202020202020202020202020202020202020202020202020202020202020202020202020202020202020202020202020202020202020202020202020202020202020202020202020202020202020202020202020202020202020202020202020202020202020202020202020202020202020202020202020202020202020202020202020202020202020202020202020202020202020202020202020202020202020202020202020202020202020202020202020202020202020202020202020202020202020202020202020202020202020202020202020202020202020202020202020202020202020202020202020202020202020202020202020202020202020202020202020202020202020202020202020202020202020202020202020202020202020202020202020202020202020202020202020202020202020202020202020202020202020202020202020202020202020202020202020202020202020202020202020202020202020202020202020202020202020202020202020202020202020202020202020202020202020202020202020202020202020202020202020202020202020202020202020202020202020202020202020202020202020202020202020202020202020202020202020202020202020202020202020202020202020202020202020202020202020202020202020202020202020202020202020202020202020202020202020202020202020202020202020202020202020202020202020202020202020202020202020202020202020202020202020202020202020202020202020203C3F787061636B657420656E643D2277223F3EFFEE000E41646F626500644000000001FFDB008400010101010101010101010101010101010101010101010101010101010101010101010101010101010101010202020202020202020202030303030303030303030101010101010101010101020201020203030303030303030303030303030303030303030303030303030303030303030303030303030303030303030303030303FFC000110800A800BA03011100021101031101FFDD00040018FFC401A20000000602030100000000000000000000070806050409030A0201000B0100000603010101000000000000000000060504030702080109000A0B1000020103040103030203030302060975010203041105120621071322000831144132231509514216612433175271811862912543A1B1F02634720A19C1D13527E1533682F192A24454734546374763285556571AB2C2D2E2F2648374938465A3B3C3D3E3293866F3752A393A48494A58595A6768696A767778797A85868788898A9495969798999AA4A5A6A7A8A9AAB4B5B6B7B8B9BAC4C5C6C7C8C9CAD4D5D6D7D8D9DAE4E5E6E7E8E9EAF4F5F6F7F8F9FA110002010302040403050404040606056D010203110421120531060022134151073261147108428123911552A162163309B124C1D14372F017E18234259253186344F1A2B226351954364564270A7383934674C2D2E2F255657556378485A3B3C3D3E3F3291A94A4B4C4D4E4F495A5B5C5D5E5F52847576638768696A6B6C6D6E6F667778797A7B7C7D7E7F7485868788898A8B8C8D8E8F839495969798999A9B9C9D9E9F92A3A4A5A6A7A8A9AAABACADAEAFAFFDA000C03010002110311003F00DFE3DFBAF75EF7EEBDD7BDFBAF75EF7EEBDD7BDFBAF75EF7EEBDD7BDFBAF75EF7EEBDD7BDFBAF75EF7EEBDD7BDFBAF75EF7EEBDD7BDFBAF75EF7EEBDD7BDFBAF75EF7EEBDD7BDFBAF75EF7EEBDD7BDFBAF75EF7EEBDD7BDFBAF75EF7EEBDD7BDFBAF75EF7EEBDD7FFFD0DFE3DFBAF75EF7EEBDD7BDFBAF75EF7EEBDD7BDFBAF75EF7EEBDD7BDFBAF75EF7EEBDD7BDFBAF75EF7EEBDD7BDFBAF75EF7EEBDD7BDFBAF75EF7EEBDD7BDFBAF75EF7EEBDD7BDFBAF75EF7EEBDD7BDFBAF75EF7EEBDD7BDFBAF75EF7EEBDD7BDFBAF75EF7EEBDD7FFFD1DFE3DFBAF75EF7EEBDD7BDFBAF75EF7EEBDD7BDFBAF75EF7EEBDD7BDFBAF75EF7EEBDD16DED1F973F18FA4B389B6BB63E427506C0DC958A3ECF6B6E8EC0DBB41BA24BA821E3DB06A173EC86FF5D041FC11EFDD7BA0AAA7F991FC12A0FF0025C87CA5E9FC3BDAC0673742606C3FC1B2F1426FFEBFBDE3D7A4BF523D3A8151FCD17F97752FF9CF9A1F1BBFD876F6C536FAFF00D5F17EBEF5D2AE94781FE62DF04F748FF70BF2D7E3FD67F80ECFD9FF00F13971EFDD7BA1CB0FDF5D25B9A87EFB6FF6D75EE728BFE56F0FBD76ED5460FF00AF1655DBFDEFDFBAF74A88BB0F67D68B50E7A82BBFEA058D6FFD0807FBD7BF75EE83BDD9F23FA4B64161BCF7FD0ED5D56A4FBFCE506731B8E06FCDB2B92C2C5852C7F376B1F7EEBDD0BF85CDE0F73E12833185C850E670D97A1FBAA2C8D0550AEA0ACA461C491D726A5910EAFA93706FFD3DFBAF74FDEFDD7BAF7BF75EEBDEFDD7BAF7BF75EEBDEFDD7BAF7BF75EEBDEFDD7BAF7BF75EEBFFFD2DFE3DFBAF75EF7EEBDD7BDFBAF75EF7EEBDD7BDFBAF75EF7EEBDD7BDFBAF75C1DC20FF001F7EEBDD696BF2D7ABFAFBE4B7CB1ECBEF2AEDAB4790ADDE3BB2823A4C8B51DE47DAFB4F1987DA5B51D8F1A9DF0989A5BFF8D5FBE0E7BE3F79CE63E70E7FE6DDC360DE9BFABC1B4D9014AE80169F693DDF2EDE1D7617D91E4DD97DBFF6EB66DBF71DA07F5829FCFF00C9D6083E32EC0C0D18FF007E95071FF4C7FF001BFF001F78973FBB7CC5BA49FF0025860DF234FE7D4F1B5F34022BE5D3D637AAF6F580FE0341FF009C7CFF004E45B9F68AEB9CF771FF002D56FDA3FCDD1F7EFEF9FF00ABF67461764ED6DBD45FE4BFDD3C19FAFF00971A11F7C79FC9B93F4F68377F716F5AC4D9B6D9B6135F888FF2EA3D469BEB5F5038DD4D3D3FD5FE7E863FEE4EDFADA4B1C1E3EC7FE98FE9EE17B5E60DCBEB69E21FDA7A8F0DD85600B0FE5D26E8F606D0A1AD3FEE071E7E9FF285FEDFDC9969BF6F7F43FF00257E8D6EAE9AF6CF3C3AEBB37A0F686F8D975D463078E357CD6D2134408FBDFC116363CFB3FD879EF9AB962FCDFEDFBB6EF5E83DB06ED6165BE235F6D60A79E47F2231D5B0FF002E0DE34399F8E7B7F60148E9B2DD515F5DB56B284D8B0A335D265B1957C822CC32057FE0D07BEF1FDC9FDD7FF5C9F6663B4BDDCC1DFF006A616449F28E9FE267E67492BF68EB05FEF67C863963DD69F71B13FEE8B7502F50FCCD415F5E2037E64797562DEF337AC66EBDEFDD7BAF7BF75EEBDEFDD7BAF7BF75EEBDEFDD7BAF7BF75EEBDEFDD7BAFFD3DFE3DFBAF75EF7EEBDD7BDFBAF75EF7EEBDD7BDFBAF75EF7EEBDD7BDFBAF755D7FCCA7BFA1F8F5F1A73B9A7A3C939DF7B8B1FD6A2BB0E10D65052EE3C7666BF299120A3369389C455518E6FAEA55BF03DE34FDEBB9977CE5DF6677A8B951D577CDCB4D88623E1D4181FE40F979D3A9D3EEE5C8839FFDD3D976F0B51B7037DFEF0470F9D4FF002EB5BFD93F24BAC2BAB4E6BF806F2FF0FF0023C173FEC7F8DFE3DF0137EF6B39B2D6D3F77FEF3DBBF6927FE395FE5D7582EF95EF8FA57A14725DFBB3F39FF00E8B3FFF009C5457FF00DDDFE07B095A7B69BCD91CDC27FC6BFE81E8DB6BE44DF6C8D287A506DCDE5B0EBFFE05267A8BFF00213475C48FF5C6649E6DECCED7962C8393BE6F247FA507FCE3A7376D8B9C2CC536F8D08F9B1FFA04F439E1F29D3D7FF8F9F39FD2C36BB5BFD7FF008BD7F8FB36BCE46F6ACDB6AFF5C4DD6BE9F418FF008F7F97A8FF0073DA7DC3A7FC905787FCA71FFA07A5B43BCF66DBFC87255F5A6DF5FE10687FD7162DFEFADEE3FDD792F92ECCD6C3DC22C7FE95FD063F71733D297DB7007FD357FC27A9B4707F1C1FE47FEDBE839B7FB1F6EED96BEBD56EBFC47FDCFE9692D40C250DEB85AFF5147F5B717BDF8F66B756B4A91D0545B7D7DE7F882E3E7D31FC3DEECA0D99F2C2936B61286A8613B288DAB92A2228FD35AA3F8AE3324F67523C52A81C117FBAE7DE67FDC4F9E777E41F7A767B0918FEE3E63A58907D083F426BF2C0A79863E40F4ABEF0FED7BF32FB06DCC37E631BBED47EB548AD69F0BA9CFE5F6A8AF5B0AFBEF675C9AEBDEFDD7BAF7BF75EEBDEFDD7BAF7BF75EEBDEFDD7BAF7BF75EEBDEFDD7BAFFD4DFE3DFBAF75EF7EEBDD7BDFBAF75EF7EEBDD7BDFBAF75EF7EEBDD7BDFBAF754AFF00CF2A307E1AE247F4EEBDA9FEF3B7377FFC53DE257DF10D3DB7D9CFFD2497FE7FEB2F3EE43FF4F7777FFA5537FC7ECFAD63BA4F6AEE1DEF5B8FDB1B2F0391DCBB97395FF6584C0E0A8FF885756D67E6C2FCF27DF307FAB3CC1CDFBF26C3B06D2F7DBC3E6809A91F2C8AFE7D752B7DDFB63E59B1FEB06FFBB8DB761DB3ABA3DA5F0A3A47A3F0B41B9FE66F746376BD5D686ADA2EB6D935C7219DAC37047FB9503736E0CDA904DCE33182D6FF008B87F4C9A83EEC5ED6FB656477EFBC37B85435EDB0B1353E7C58004FA100014CD0758AB77F797F74BDCDBC6D83EEE3EDE7EF2A0FF73EFF0087DBC7CBFE5FFF00EC84742AE2BE41FF002F5D936A2EBEF8999ADEA69146ACCEF9340C2ADBEAC55B7867374165E7F283FD87B0CDD7BD1F736E4D02D7973D8B1B9D4FFC4DA353F2BC6BE2BFCBE5D3B3FB4DF7C2E6906EF9BFDF25DB49F2B234A8FF00A815B2AFEC23A5DD27CAFF008A79A8CFF1BF865B62929FF070E36A2D5DFF0026DFC176DB8FF6FEC32BF79DFBA7CEF5BBFBA8EDABFE97E847FCF8BD11BFB11EFED9464597DE2B71693D18DF81FCD9E9D2CF1F0FC07ED004E26A777F47E72AA25B354FDF0C4B385F55D646DD7828A3D5F80D8E241BFD4729CEDDFDDDFEEC9416FBAEEFC91BF6AAD1AA01F97FC4EB103D68CBF2CD2818BCB8FBD97B7AB5DC176BE66D982F1142CB41F2FA2635FB1FEC3D4ADC3F1B37775F508DCB88ABA1DF3B21A14C852EE7DAC53CC944C149AEC963559E37542D62CACC9AB8BDFDC47EEC7DCF7DC2F69ED5B9B797BFE449C8633F59655E1EB7D6352180A80482D43826BD37B27BD7CB1CEB72761DD233B67319500D9DE7AFA2B1A1FB2A07AF4146EEFF00802BFEB9F78AB75E5F67F97A93761FF730F45B3E30FF00D96C751FFE1E347FFBAF6F7929F754FF00A7D5ECDFFD2E17FE3ADD4C1EF57FE231F39FFD2A9BFE3DD6D27EFE87FAE1C75EF7EEBDD7BDFBAF75EF7EEBDD7BDFBAF75EF7EEBDD7BDFBAF75EF7EEBDD7FFFD5DFE3DFBAF75EF7EEBDD7BDFBAF75EF7EEBDD7BDFBAF75EF7EEBDD7BDFBAF754C7FCF17FEC8BB1FFF0089AB64FF00EE8B77FBC52FBDC7FD3AE5FF00A59A7FCFDD65E7DCB3FE9F21FF00A53DF7F807551FD57B8B1FF053A2B6FF00F06A0C7D5FCA7EF3C0AE6EBB215B466BFF00D1275FE52C7158D18CBF39B62BFEC72DFF00503EE0ADCB7CB3FBAE7B6EF26DF8F7DF98867CFE876F23857F89C82739A034A85EB236EB62BDFBD3FB8FBD7EF0CFB07CB7BBFF00D976E3FEAFF57F8FF4596A33B9EDD399AFDCDB9F3990CCE6F357ADCCE77395DFC432190AD16B9CA650951C5FFADBDF3AB9A77EDEB99F78DC77CE61DC5B70DE89A963535F2A81E741E438F59B3B6DBEC7CAFB236DFB791B6EC7B60345A8161634FB7FD5F6759B1DBDF501F6BC521B135D56C56C7FA070158AFF00B6BFF4F60EBBE591A89F9FA0FF0057F87AE64FBB7FDE3FF4BCD0BCBFED17287EF2D8BCEFAF89FF001EFF009E0B214247DB4AFA74BFC1766503569FF72342A4823503C2F1C595AEB71FE23EBED25D7B7BB89001DA895F43D63A6DBFDE01EF0D9EF85AFDB6ADCB62229F422C787CFEB6C6A3F683D19EDA3935ADA38EB490AE0058E466F5BB156F49FF0055702FFE3CFB876E76D6B4BC2065479790F9F5D1BF6C7DE1E5EF79B95A2E61D85809302FACC9CD9350E0E3381F9E703AB02E91DE5DBDD3F494597A3C06E5A4D9597D44D1663135B45B4B2DF51FEE36C50E2DAC7FE0759B8FC5BDE60FB43CFF00EFEFDDC7F75F376DBB4EEABC83B9134B1BFB1BD3637D9D355600AD89CE19450E4FF8F8AF5147BA3CBBEDCFB9B27EEFFDEBB61DFD2A49535BE5C7E215524F9E8A3118A0E07A113BFB6660739B34F7175AE91B6AA80A4DE3812D16ADA5921147AE5F0A0568CA48FA48B69FA11F5B01EFDE27DBAE4BE68E49DA3EF1BECA01FD42DC9BFC7AC6BFEE16E38CFCA84E93F315C540E82FED37356F3B3733AFB65CF869BE815B1BCFF94D19C53EC1519F223AAE9F8C3FF65B7D5DFF00877D0FFEE0E5FDC7BF756FFA7E1ECCFF00D2D87F97ACC9F7B7FF0011939D3FE9547FC23ADA4FDFD0CF5C39EBDEFDD7BAF7BF75EEBDEFDD7BAF7BF75EEBDEFDD7BAF7BF75EEBDEFDD7BAFFFD6DFE3DFBAF75EF7EEBDD7BDFBAF75EF7EEBDD7BDFBAF75EF7EEBDD7BDFBAF75587FCD1367D16FBE8FEAEDB591F0FF0007ACF923D5B559EFBC2DF65FDDAC563F74667747F1026F78BF8163EAAF7FCDBDC43EF06C0799ECF92F65AFC7CD5B77F22DFE7EA6CF61F9A87266E3CEDBF0FC3CA7B80FDA14F5AB6537C90F865F2CBE4D6E0EBDEB4F9A18DDE5F20FB07776770BD7FB47FD136FAC0750EF2CD6219D36B753EC3EE6CBB7F01CB66C61B0E71F87AF2060F2F9620E378AE1788FDF6FB907BA5EE045CE9EE6FEF34FDFDA837D1E6B403856B4D39A9A004F9934149EFD9DFBE2F257245A726FB78FC9EC363DB0906F8DF114238DF1B0A711E9C7A0CB7557EF0A1E3EC7FDC2F240A1FF00617C7653FD89F7CA9D8B6DD92F814D44EF80FF00ABECE83FF7F0DD3EF4F5FDDDFBA3FE6021FF0089DB0FFDE73ECFFB97DF74C98E9F70673FEA0BF3F63FF007EF7FD8FF00AFEC4E6DB64D9C935A9EB9596BB0F356F363F5FB7ED1BB7EE0E8CBEC4EA7DC39A22B3348F87A26B0FF002C5FF2CABFC7AB1A6C8B6BFD2F7FF0F71EF327BA9B2ED035EDE46E3BE56953C33FB7ACC3F67BEE29EE9F3EB2EFBCFF001B72DEC47FE5381FAFA7A9B23403ECDC0D7D075629D57D3DB7BAB06C0DE7D9BD91D5DD6DD6599C86177352FF00A6FEDAEB5D82D97D998ACF31CC6470F8ACC669F3AD8AD26AC004853A88BFE0CD5ECF7DD37DF9F7F372E4CE7A5F6AF5F241DD2C75115D37961A8547D206A302B43534AEA3A4301ACE434369EC8FDD7379E75E5FD83DD6DD3F7DEE3B57D07D09C91B86922C48BDD165560495D22B5CD4D6ABD54B6E9FE689DDDD3FFCC9FE46760E1FBD57E407C7ECCF74EEAA51B0F1DD8277FF00486FDE816C81FEEC6DFEBE75CDEE5D8385CE6DCD92F4C0E4718149CB529BFD7203DFD5249ECA724FB85ECC2720F38F27D1CECE091FBBFCCE4D450573EA01AF90EB92EDEE2F34F2CFB8ADBEEC1BC1A7EF6A60918E182323E59C79757B1F077F988FC43F931B97BABA968B6F76774E6168BA77726FEDD67BBB33B106CAACEBDDB392C4E1B33B9723B9B1198A91B3F2FB6DB75D2071932BA622CDA815E79A8DFDDABB17B13B2EEFB7F2FF00376E9B9EC5CCA7E82FAC49FAECD0FD0D304D42D48A56B906833D658ED7F7B2DC3DC1DEF665DC3661B76FBB77F8F58DF70C1E3C4914F3D3E7F338208FC46ABEA3DF7F2CB616F4E8DF903D2FF2176BEDFECBA0D9FBDEBBA8B7355E4325B037265B6CEE9C86D74DCD8EAEC4B675309B8FF8455FF07C9027099734757A4F1EF9E5CB3F728F77BEEC9EEEFB3379CFE887651BBE1816A8E382302849A9C57005466BD2ADCFEF35C83EF47B0BEE7EC3B0A4B1EFB63B506218290EBF5CA842956A0034D093926BA6A053ADA2FDF557AE67F5EF7EEBDD7BDFBAF75EF7EEBDD7BDFBAF75EF7EEBDD7BDFBAF75EF7EEBDD7FFD7DFC3DFBAF75EF7EEBDD7BDFBAF75EF7EEBDD7BDFBAF75EF7EEBDD7BDFBAF75ADFF00FC2A5FB2375F5D7F295EC1FEEB57250D676176D758F5966AB5085AEFEE76EA9331FDEBC762F86265DC586C6D4E3E5FEB8BACAA1704FB18FB75B6595EF35ECA2FF80E926E373776564C471F3FF57FABF2EB510FF84ED7C17DC1DDDF26BFD9CFDD3438EC2F46FC30AFADEC0A2CF6E9ADFEEFED5DCDDE98ADBED97D83B75F2A47FC79BD6D61B8B786447FC5A569297FE57BDCB1EE27348D9B95BF706DF5FDFBB9FF00AB1FCEBF3E83FCBBB558DD5DFD6EE629B2D3F3A66A4D471E1A69F878F47CB76FF35AFE547D77BD737B61693E667C9834592AE5CE773757D074C75775E666B74DF2794D81B5FB1F3837EE630A58FF00CBCBF849207D0020FBE7B6D5FDD55B373258A6E5CDDCDBBC0E60DC3B8533906B5A7D01A91EBC298EB3AB73FEF1BE6ED9EFC6DBC9DCA5B3EDBB17F09FAEBE27D3248515FB73C463AB6AF88BB2BA47E6C61B03DADF133B6321D81D1EF5F99C37638CEED14C7F76F496631982AEDCA768F60F5762E45B66770E26914626BF1D7C2E5C9B2EA6B0F7869EE77F76973DF2C7BA9CA1CA5FBE59B90F74356BD3FF001138B7027BB3C09A518D4951A499D3977EFE3CB7CC3EDCEF5BDEE1B21FF5C1DB402964092B7E090BFE26FE445416524B115D1AD958294BC97F32EF8E55B81E92DB9FCB7FAD6B3E71FCAFF9359CCDE1B6375B777ED0ABDA18FF008FCD89A0769CF69757B6761FEFD6EEDC16ABAF0464D70230D4757916C881443EFB3CFD8BFEEA1F6B7DB7DF39C79B7DEDDDFF00796C7B6508FAD50063201001A135352C3550D16C2A31875EEBFDFA39EF9D2CF6AD8F9169B66E84D0FD09059C9620D2F4906D00C0013B47073A48A16AF99FDE3F23F66F6C74FEC2FE78BFCBE7A8776ECAADC1E457AC777F48FD9F59F75ED0D9AB91C7C5BA31FD39DA3D43DADB936167A2DB19ECBD231DA1B8594C9F734875D0AD77DF1E9BFB71CA1CA9072BB2FDDFF9C1B6C689A86C0A91B79C0E162C2A47F0B29A56A2A68C3AC0AE6EE67DEAE2FB4FB95B41DC51B8F764D4F1240A9C52B5A9F3F3A74EFF00CC83F976FC66F8D3D2DF193E597C2BDF3BFB7E7427C897ADC7B566F7CCD167C51D66536D26EBD8396C4654E136D67B0F1CB88C565DB2B8FC8B1232948A1F4B865022F68FDC6E6DE66DF39CF93B9D36A53CC1B764531C281B153C09E3F303CAA437CF7C9FB0ECD67B46F9CBDFF244DC388F42723FD5F2E8E4FC42DB7FCB576AFF0028DFF483F36B09900BDD1DEBB9F65E6F1FD7B96DF4DDBBF20337D55BCF39FE8B3AF3118BD9B9D8F7165F13B749A2C81C796C5E07F8AD0D2E4324A84EA209F70AE3DC8BFF0078E3B0E4BCBED7B4D73C2C479E68402462B4240268324810F265AF2AFF00ADCFEF0E60C0DC8E7D4F55B9FF0009F7C960A8BF9C577A6CBEB2FF004878EEA6AFD9BBE6AB0781ECDA3C7E33B2E8B0FB0FE42754AF5FD0F66E371A4A0DF1B6F0BBAAAB1F9724E9D46ABF1EE3BFBD2DBBDE7B6DC91B86EAC0F318E6BB0D4470A8E34F3A71A5734E39EA5EF62AE3E86F39CECAC06953B4DE80339AE2BF9919A1A54E28303E8BFEF1E3A1675EF7EEBDD7BDFBAF75EF7EEBDD7BDFBAF75EF7EEBDD7BDFBAF75EF7EEBDD7FFFD0DFA3DFBAF75EF7EEBDD46F31FF001FF6C3DFBAF75EF31FF1FF006C3DFBAF75EF31FF001FF6C3DFBAF75EF31FF1FF006C3DFBAF75EF31FF001FF6C3DFBAF75AC97FC2B73FEDD115FF0067FF00792BD1F7FA5ED6DD7FF13EC71EDCD7FAD83D749FF27459B953E90D7857FC87AAEDFE5FDF3E3E007CC4C76CFF00E4E7D15F1B7B730BD1BD83F1F774E1374663035926CEDB18F18CD95FDF0ED0C16A5CC0ED7CBA6E7CDFDE6372F9FC93EBCB662A8FA6D5BFC43D9BEE7CB1CD3B291CFD7FBB1A53FD8F3C9FF67A62DAE6CEEFFC481C8238795720E3031E5C71F2EA90FF009E8747FF002D3E90EE7EAFC1FF002F0DDDB064CCD160B7D6D9F91FD69D79BD3756FEDAFD7DBCB6CE4F6A9DAB5E37565F37B9B01FDF1DC0B94CB637318FC6E52C3F83DCE3A84DC99D3DA3DD79A6F2CB7BFEB8034A56A68066B8A608231C40A8A649AD00FCE16BB45A9516195FE743E7EB414E390A738AE4D37FC2543B8B7075E7F334C875951646B93677C82E8AEC1C36E3C2170B8FADDD1D7EF89EC1DA79E7E09399DBD86C5E79073F4CBD5002F6F76F7E36BB2BCE466BF5341B6EEC7F69E91F22DE937BF40454FF00905714FD80670070E8BD7F2CDF913B3FE3BFF37FEA1EF2CDAE3E93AF2BBE52F6A6CDACB695A1DB3B6BBEF21D83D538ADC0ACFA570F87DB477F52E439FA62692ABDC95CF5CB77BCC3ECDEF3B6B13DBB623D052B5470E0670012A07D95EA3CDA774B3B2F70D77020683E7C070CFDB415AD3CE9F61BFCFF008559F62E02B773FC31EA4A214159B9F0B8FEE1ECECD5FF00E076170B96C875F6D7DADA7F0537266F6C6547FE41CFB8BFEE9FB4B6BE76DCEA3478683E751AAB5FC88A7E75E8DBDF8DCB48D976EAE6A7F9F44EBA573D5DBDBFE13E1DF982DD1FE5B4BF1D7E756CB93AF2F7FF0070B8FDF0FD4993CB6385EFF4CEF6DE7FFF003B3D8DB758BE87EF27B1C5FF00474D998FFBCFD60FFB53E83F6F73F57ECFEF18CEDDBAD7F2069D3E76CF4FFCA1F897F12FF94A7CB1EB2EB3C8766FFB2F83B4BBD779ED41B6370EEFA2D99B93BB3B0713DB1B0323DA7B5F0E173F86C46E4EB014D8F3915BFF0007CB518E6FF63ECAED79C392F9D79E3DECF6FA4DE946F8C6C36F4D3C69A456BC7BB56A22829A69E60F466BCB7CCFCB3CB1EDA7358D98EA517D5241A66BC0F03C33E9C2A3874693F96D75CF70D7FF00377EEDF97BDE9F1EF7074057FCCBE93F8F9DDFD7DB5B3A32F434B88FF48116CF3DA7B7F1D92CAED9DB4D9BCFEDBDF3B0B17FC6700EB8CCE62865E92BF22965B1C7DF780EC5FD48E4ED81379D4DB5EEC0135FC43C89E00FA800509AFCBAC80E5ADD9B66DDB74BE1B4D0EE3B5B58F97021785003C471248205001C4EE47E63FE3FED87B883A38EBDE63FE3FED87BF75EEBDE63FE3FED87BF75EEBDE63FE3FED87BF75EEBDE63FE3FED87BF75EEA4FBF75EEBDEFDD7BAF79FFC3FDE3FE37EFDD7BAFFD1DF57EE0FF51FEDC7FC53DFBAF75EFB83FD47FB71FF0014F7EEBDD7BEE0FF0051FEDC7FC53DFBAF75EFB83FD47FB71FF14F7EEBDD46FB9FF1FF007DFF0024FBF75EEBDF73FE3FEFBFE49F7EEBDD7BEE7FC7FDF7FC93EFDD7BAD6B7FE1589C7F288DC03FE54FE4A7419FF6D91CA8B7FB76F638F6EBFE56D1FE94FF00847459B97FB887F3FF0001EB4EDF887BC76F7C57FE4DDF2F7E4DF5355E7715F2CFBD7E44ED5F83359D9144571F5DD51D19BAB66E23B5B7563761E623B4D86CBF65E1F0D558FCC575C35A929749068EFEE5B36BFBE79DB66D8370246C3FEE7FFABFCFC3D78741C14B3DA05F28AFF94D3F6904F9713C067ABB1EADFE4AFF0000FE4E7F263D9BBA7E2AB6CFEC0F9D359D1145DB989EC8DAFDB15D92DEDBDBBD7198DFEF5EE9F8F194D82DBF060709890C2AB677D87F0BC4FF0009CB0A6C891735C4141F7179B365F71D4EFD5FEAF8C1141C3D41C70E272452A00AD28A5B65B2BFD94B1F88E7FD55AD49F5E27893D5367F20FEDFD9DF1DFF009B3FC60DC9DB55A367616AF3DD89D4F99AEDD23F80FF007337A6FBEBCDD5B076B63F730CC95FE0CFFDF6C9D260016B69357EE6CF7536ABEDEFDB6DE8D80AD195A99F260780F3C76FA9A751EF2D7F89F3484BCE207DA38648F97E26AD29918E9FBB9FF945FF0030ADAFF2D3B03E32EDAF8BBDDFBD32D99ECADCD86D81D9582D85BA5BA8378ECFCB6E0C8B6D5EC16EE45C3BF5F6D1C3360E5A4C865BF88E5BFDC4DFF87E44FF0011BFB17EC1EEC7229E53DA3986FF009B692A0EE4F8996A2B43A7551BCF15D5F875541211BFE42DE46F95B3DAAB060F903514AF696AB035206578EAAA80CBD5E0FF0037DFE5C9F36FE4DFCBEA2EE6F8F9B527F969B332FD57D59D63599ED81BC362475DD7FBCFABF1FF00C3B756CCDCDFDF2DF1B53F8447B87372D4E7D7222E07F17D27D40DE1CFBB9FDE03D91BCE48DE76FB0E6DDA49DB776BF3C755093C2B6048F5F3C5053B69D093DDEF68FDC29F993686BFDA1D48DB00A3295AD471C807CC53ED61860475627F197E297587507C34DA3F003B6F6227C87DD399DED45F20BE45EDEEADDD15AFB5770F6FA6E4C2E5F19D6598C9E1F0A87786CBDB986DA982C6652EC172871449FA951CD7FBC0FF007954F63F788DDF67F613DB8DD79DB7BDBF6A6DBD5ACB3F4617E406E0C33A96F1B2B626B53A95C2E5F7B65F7428DBDA2DA6F79F7794DAF641B90602FA952283BF2C3153F200D4E14AD0FEEDDEB9EE6ABECAA4EC0DDFD8981EAEAFCC6F7DB7B7B2983C46EBAA8EBEA1FEEF1013AE64A0D9A24C4E2A3930D6A0C551E4EBE4605A9BEB600F36B963937DDC3EF56C9EE87BB7EEAEDFCBBBEF30F351B17B04BD63B8DE69EEFDCC7E875D8D98FDDE14587D65F86D65453FC789EB28372E71F6DB6FE499F90794B94BF79EC9B66D25D19AC9046B55A7D6037803F1EE66B343F1350D283AAF7EA5DF9DB9DA1FCC6F67EF5ADDF3BBB0DD65BFFE416EBDFF00B33A9EB37883B2B39B236A6DDEC2EA9C5EF11B4D05F11BCCE6F134A7481FEE5F127F88FF00CA17BCC0E41BCDF2F3DC4FDFBFBDFF00DD06E5BBDFDFFD0D4FFCBF6DF5F4F2F4F33F2EB9A237DDEF99799B65BDDC376EC03FC400E076EFB3E7D6CBFF0073FE3FEFBFE49F79B3D493D7BEE7FC7FDF7FC93EFDD7BAF7DCFF008FFBEFF927DFBAF75EFB9FF1FF007DFF0024FBF75EEA4FDC1FEA3FDB8FF8A7BF75EEBDF707FA8FF6E3FE29EFDD7BAF7DC1FEA3FDB8FF008A7BF75EEBDF707FA8FF006E3FE29EFDD7BAFFD2DF0FEE07F53FEDCFFC53DFBAF75EFB81FD4FFB73FF0014F7EEBDD45F30FF000FF6C7DFBAF75EF30FF0FF006C7DFBAF75EF30FF000FF6C7DFBAF75EF30FF0FF006C7DFBAF75EF30FF000FF6C7DFBAF75479FF000A20EACADEF0FE565DD7D7B87A37ABDCD5F9CD93BA36650D0287ADADDCBB05B23D838CC062D49179371FF75FF87A8B8FF8187FD7F663CBDCC161B4732EC92DE0ED3BA8B1F4E22A3AD7EEEBDDDED7784352684FAE0501E3F68A75A617F27BE92DA1F2FBE057F33DF8B3BAF7CD075F2D66EBF897D97D4BBE37500FB5F6C7728C876D61F62E4373649D26384D9FB94E2E9F6FE5F221495C565EE05C0F72DFB8BCE3B1FB677DC99CDFBF37FBA2AFD057FC15E1F2FCBCFA43CA5CB1BE7380DDF63D97653B96F54E02A4903E2A0A31A935C00735A0F2E89B63BF92FF00F33FADEE71D4749F053BC7FBE66BC81BE8ED9341D3D496BB7F7817E478FF008C3E70C02DFF00887F15F7355BFB91C8A9643980EEE35FF33EB4F33F90AF51E0D937D37636EF14E8FB4F0AF0A70F9F1A7CFADBC774756FC58C2D3751ECEEDAF8DFF0DBE65F72F52F48F4EEC4EE7F941D9BD4B06FDDCFDCBDCDD7BB55709BEB76E737FCF9CDB7B87B2B085F1B4D48B91DC6728D951480136B86E177DE1BFBC93DC1E42F70F7AE5FF60F74DABFA8846906B7DA0B16A7F89B595F00148A57B800C09AB28EBA91ECD7DC876BE68E4BD9F98BDCEFDEFB5EFDB8376D92D03A280A406D562DDCCD56185A2690C030CD97E6363F7E66E9F706EDEF5F907FE8E30D9ECAD1E13756C3DBD97DC3BC530F5990DBE32B8CD9AFD5FB3D976D61C9C3D07D321913C1E45B9F789BEE0F2DFBAF7165BE737FBFBEFF00FF0056B96B72DD0EDF7D6562F7F7B491AC01FA4361607E83FDC0AE3501403531604B0CB6CE79F67796DF68E59F6CBDA65DDA6DBE2FF11BD912CAC43AA351AF7F785F017782FC153CEA050AD306CC8BE39E06A40A4D95B937A51E2E8C65370EEBECFDC31E068E8B1742CAACD89DA1B44784FF007832FF006D438AFE21921FEE4EA6989E07115729C9F77CB0DDE51B07B55BC73145B709371BEBFDEAF42A258EDF41269DBEC5446AD7E34586DE2FEF197F785F44854A5002FE6FE6AF78370111977BDA76E2ECB1AAD8A86662C682B7B7C7B820D4EFA34D230EC7E127A5877A6EDDC19CDB75F43D4F575BD7FB636A13FDE0EB8D8C87687D950B70D9FF00F7E89DB27786CF0080C41FF7177BFF008019F3EFB85CEFBE6F5CDFB2727EE9FBB79136C7FF001ED8AC47D08B1DBC000DF0FA1DBEC2FAFEC0034BF17C3FC42F9883FEEB88BE20EE48DAED1772DA6F79D15772DF372C8BFBDFF1E1424E08BEAD185726A357100508085EBE87F827C73B568FB2ADCBF7266EB6847E6FB6701B44DCFD7819953EE00F71992CFD97F6CD6D9486DC79AB7EBE4F2CEDBB1D858E7E46F99A9E5C3A156EB5BDF73068CD367CFF00B637C3F969E88FFC30AFC7F5CFF31A6E8AAC62B86FF4B15FDB5D64570B8FFBEFE31BABAA72A728729956BE7BFE3CAFF71FC823FC8EABDF403EE6DCFBFD65DBBDB017CCC1C9218797EF0FA0BCB1BDFB7BAA69EA01E3D72E398763DBF92FDE0DF394AC3E11BAD7CBF3F970F5EB69AF30FF000FF6C7DF53BA1B75EF30FF000FF6C7DFBAF75EF30FF0FF006C7DFBAF75EF30FF000FF6C7DFBAF75EF30FF0FF006C7DFBAF75EF30FF000FF6C7DFBAF752BEE07F53FEDCFF00C53DFBAF75EFB81FD4FF00B73FF14F7EEBDD7FFFD3DEA3CFFE1FEF1FF1BF7EEBDD72F3FF0087FBC7FC6FDEBA63A8FE7FF0FF0078FF008DFBF75EEBDE7FF0FF0078FF008DFBF75EEB879FFC3FDE3FE37ED5756EA3798FF8FF00B61EFDD7BAF798FF008FFB61EFDD7BAAB2FE723B8B21B57E1EFF0079B0B90FB3CDE17B9FA7B3585AFF00CD1E6B13B87F8C62B2373FEBFB827EF11B9DDED1ED80BDB0F8B6DDD2CC8FB1457FC34EB243EEABB6596F3EF08DBF70FF009206E5B4DF7540BF0531BF107A137977EEE4EBFE95ECADCD43F32AB363D677A744637098EAFEB9E9BA3DAE775E572B95E98FE0BFEFE0CDE27736F3DFCB90C463ED86FE1217F87637237FB12415CC5F7A8E56F74F96794B93B98790772DD4A806FC8B3561642B417CB42739AE9342056A070EA5AB4FBA6F357B65CD1BC73772F7BB9B56D636C27F705F55BFC789E3657C09A038031F5C303AB08C8FC35DDDBDB669DCBF0FFB9FFD39F4C577E9EB5FEFA5763B39B61F9271993C4661D76FE6080A6FFC4C6233B6FA0FAFBC5CE78FBBAF32F31ECB717BEC5F3F9E65E47CD2C3EB4D5581069A7522AD720D56D00E023F3EA77E57FBCAEC9CB3CD2360FBC7FB79FD5AE7DF3BEFA0FF007387AD737FE9E77DF3E8BBD474F7706C85349BCFA9FB036AF00EACDECADC745427E9F4CA4783FE067EBEF0339B7DA6F74B9725D5BE7B7BBAC4DEA6C8FF00998FEDAF597365EE37B75CCB136E1B07B8BB4EE7F65F5893FB1483FB3AB78A432768D056D2991E4ADF917D3FD7BBFF006E1D2BCF76F4450BED4DF9B2F12AAE546633787C6548673CDA7A7FEA6F95FCD1B6DF7BA1B6EF1B715FF910F3B729D8EFBB7D5BFE762E5B1F437D62A07FCA7D8EAAE40AB0343E7CD1DFEDCFB7BBDA1572579677ABFB020006BB6EE64DF585E93E41490491C0291EBD153EE53FDC8DB581EBFE28733B9850760F6063C83FC42930FCFF00A2ED9D95F59057FDCAD56E0CB8D2BFF02B1679FB3F78DDFB8EF3DBFE47D9797AF8537EE635FAEBF3FF00285B771D8AC7E26A52BF5BF87FDCDB02456C7A93795946F37DFD62CFEE1DB49B0B0E3F65FDF7F2FA1FFB2FF5E9735D9BDC343B9F686E6C3577D966AB76274F6628BFE53FEF0E57AAB69FF16C6FF0C1FF0017822F55FEE3BD83BDC9DEB7FE53F75766E6FD8908E601B56C57A7EDDC761B0A8FFA8EC57EDF9F4576D6B617DB0EF7B75FFF00C903F7B5FF00FDA7DF7E7D0C1DDD96DBFB5AAB6775EE1B0341B6E8F6B517DDE670D4B56B5F4D87DCF91D591DD5458BD0022E1B0199CA7D871616A4E38F663F791BEDBAF79DB6AE4DE5DDA06DC39736B1637D65604FD08E60DC01BFDF56C46A207D0822C48AB1528006A65821EDE59EE17BB76EFBFEE7BC316DC31560013B7AF6D8B900019A12080A086C01C3AAF4E93AEA0DD5FCDE368567F0FF00B2ACC3D757511BFDFF00FC0DC5F4CE58FD08E41395F791FF0072BDB770E56E76F66B6FBE3C45F83FF6437A7FC207FC57582FCE56B63CCDEFF7B9B5E3B66D3FF6C3B7F5B36F98FF008FFB61EFB69D21EBDE63FE3FED87BF75EEBDE63FE3FED87BF75EEA579FFC3FDE3FE37ED374EF5CBCFF00E1FEF1FF001BF7AE98EBDE7FF0FF0078FF008DFBF75EEB379FFC3FDE3FE37EF7D3FD48F3FF0087FBC7FC6FDFBAF75FFFD4DE5FCC7FC7FDB0F7EEBDD45FB83FD47FB71FF14F7EEBDD46FB9FF1FF007DFF0024FBF75EEBDF73FE3FEFBFE49F7EEBDD46FB81FD4FFB73FF0014F7EEBDD72FB81FD4FF00B73FF14F6A3AD75C3EE07F53FEDCFF00C53DEFA6FAAA2FE7473DFE11E438FF009AB3D57FFBD19FF11EE01FBCF67DA1DDC7F4BAC9BFBA17FD3EFD9BFEA3FF00C3D6B29D5E36FE428ABF6C6E7381FB3CD64321466BF7CF5F0ECFC261BF89ECFDD9D7C770E336A9DF7B5BFDFEDB6FFBFF005790DA1B83F8A1388CB527FC5BF9E3127EEEBEF9EC9EC77366F326FDB53B6CBB97D26AFA3A06ED624EA2695B5A1ABA8D47836A6D642E727DE9FD88DF3DF3E55D9872FEEC3F7F6DBFF67D8A7ECF43D198EB6ED4ED1EADABD85B9BB6EBF776D9DCBB933BDA99CEC2F90FD5B9CADC775D75EECAC5ECDDD7BA76B04ED2EB9EA9EAEC06F4CDEE6DEFB62A8E231BB901388C3D5FF0EC9E46BB235982A0F79C5BF7B21ED0FBCF3FF5DBD91E6EFDDDBDFEEB041D887D09BCA5F59D6F6F2CBF0AD96AAB01862AA4E5475837B07BD7EF17B4D64FC85EF07290DCF97C6EB9FDFD63F5F5A903E86C6F4F13FB4815F2AD0F4755FF00359EDA7A68E929BBAB78E4B39B7E4A4FF49FB5BB43AA3AAB115BD21996ADEADC26EAD99DADBF776EFAEABC0CB94EB5DE9DB581DBD968E86F9BCAE62B436DBC6E4281558152FB13F79ED95B7A7DBBDEADA771D84FD67D07D7588A903FDC204D8A9CB1C83421786961D17DDFBADF75DDE291EE3F77EDDF6FDF2B65A8EDF7E4035FF734817D4200E001A1A1AB55857A35FB73E5DA7CA1A1145BF37BECEC4566DBED9DCFB17AABB5B0B4547B722D9DDC7D5B956C6EEC6CB260B7C6E8CDE0B686E679A9E86F935C3E6F1ACD495ED8F0082318FEF27B073A72C9F6EB61F7E79F369DB37CDC8B6E3B0DF589BFB2FDDFB86DC680DF9BD0BFE257CCC2AD8FA22455788321FB6369C91CE3B7F36EFDECB72A6F0DB26DC40DC2CAFF00E86F85FEDE4824D905C0BEB1A13422849D3A86AA152F6B603686F4DCD1557728CFF46771E80BB972076EC9BD36076095C70C3AEE2C6B628BEE4C5F939D4D8F396C2DC7E6F71877EE54BCABBC6EDB87FAF647BBF24FBBAF4FAEBE364770D8AFC0C0BDB35D5E2027CFE8E96470479D46FCAB75BE6C96047B7E7FACDEDF8FFA80BFB1F5B1A939FB7EDAF1E9F69378758ECB3B41760AE73B6FB236CEC1DAFB330F58DB66BE870B4B5D8DC70C51CFE2B6990D9CCC66025C1B937FA7B0AF30739FB7077BE4EDC3D926DD7997DDEDAF6BB0B2DBEF05891616236E1537CB64755F5F5F8A0FA0069636248BE3A88A040DCBFCDBBF7EFA8F9CA35DB7961B7437C6B926BE46F694D34AD727D28067A0F6A76C0D9358BD81DFD7A6AD60B59B63A75AB47F7D77354860D8B3BAC8D27686CB91598E54E447F1AB83FD47B0FC5ED872FF00B57B6B730FBE209DEA82FD765D55BEDE770249ADE8E1636271F5D53F5F42DDA59815196C26FF009C88E5DF6F33B282035F914B0B100E7E8B03EBEFE9AB49034EAF954745ABE3165ABF7BFF00302D9DBFB73FF0EABDEBB9B39BA6B6BABC7085CECCDDACF8D8B85D586E0DFF003C5FFAFB94FEEC9CE1BDF3AFDE5B9277FDEF74622FF73BF6624FF158DE0AD3CB8AAFECEA50FBC3FB3BEDBF2B7B05BCF36EC5CA2179836DDA6C36F17C317DFBBFEBAC89179EBC093E7D6C5DF703FA9FF6E7FE29EFB7DD721FAF7DC0FEA7FDB9FF008A7BF75EEBBFB81FD4FF00B73FF14F69BA77A93F73FE3FEFBFE49F7EEBDD72FB9FF1FF007DFF0024FB51D6BACFF707FA8FF6E3FE29ED3F5BEBDF707FA8FF006E3FE29EFDD7BA95E63FE3FED87BF75EEBFFD5DDEE69FF00DF7FAFFEF3EFDD7BA8BE61FE1FED8FBF75EEB079FF00C3FDE3FE37ED475AEB8F9FFC3FDE3FE37ED3F5BEA3F9FF00C3FDE3FE37EFDD7BAF79FF00C3FDE3FE37EFDD7BAF79FF00C3FDE3FE37EFDD7BAAABFE731FF642FB83FF0012674DFF00EF663DC13F794FFA743BA7DBD6457DD33FE9F7ECDF65FF00F93AD5B3657D3FDF7F43EF903BF79FFABD3AECFF00464F68EE5CFED6ADFBCC2E432587ABFB1FB2AB3495C71C6B289BFE5DF9517B6630C6DFF16F3C7B27B0E63DE796F723BE72EEF2F61BB6A3A4DA1208A9152284A863E64D41C540E8E6E795B63E67B01CBFCC1B47EF2D87FE5FBA15A937436E916DE583D81BD988AEACABC9EEFD9581C857D757E5B1FB4F0FB9F25BAF228B1E777A1DCD85D8180C7E646E3395198C4EDDC50C97DEFD9507B98362FBE5FDE0B93A1FA3B0E7D95E06DB8D952F29787C324D02D632037A52ABE417D21CE69FBA0FDDEB98EE3EBAFB90144BFBD3EB8359FF0088F7D305954A023CC852B5381A7A1A06E96AEC2FF03A3A3830985FEF6E737A363A8EA778E5E829335BB725FC5773AE1F19BBB3FB8C6CEC3BE66F5E71D8C189C1F3FA7DC4FEF8FDE47DD2F7EE0D9F6FE7C6DA99F6FAAC623B2B1B2615A52A50007503A4D33C6A9D27F6E7EEFDEDEFB3577BC5F720ED5B881B8E583DE1606A6802D4AE4E4706249141E4479D85F22BB836461BFBBD82DF5595DB6A8C29A6DA3B928B05BC7134A5010A31B8EDE187DC4B890A09FF00800BF93EC0FCA9F781F77F93AD4F2F6DDCDA4F2FB1FF0070EFD56F2C00F4F0EECB2A81C4014AF48F9B7D90F6F39A2F06EBBE728A7F580509BC466B26634033259347AB18FD45FB73D0DD8CF923DE39C514637FD6E2A92AB8FB1DA589C3ECA5B585F57F73B0BB758B5BFADFDA5E63FBCF7BE1BADA1DADBDC33B5EC1E7F422C2C0FF00D99053D46F71EC8FB5DB4C7E2FF55925907FCA6B35E2FECBD67E83FDDF6FB335959FEBFF00B7FE9FEC7DE3B7D57D6DFF00FBB01D0F760203151E9D207E1CFF00D961F57FFD46EEAFFDE3375FBCE8FB987FD3FDF6C7ECBEFF00BB7DF74AFEF69FF88C7CE7FF00501FF69F63D6C5BE7FF0FF0078FF008DFBEF3F5C34EBDE7FF0FF0078FF008DFBF75EEBDE7FF0FF0078FF008DFBF75EEB979FFC3FDE3FE37ED475AEA479FF00C3FDE3FE37EFDD7BACFE61FE1FED8FB4FD6FA95F703FA9FF006E7FE29EFDD7BAEFEE3FC7F1FD7F1FEDBEBFEF3EFDD7BAFFD6DDA669F8FF007DFEFBEBEFDD7BA8DE7FF0FF0078FF008DFBF75EEA3F9FFC3FDE3FE37EFDD7BA8DE63FE3FED87BF75EEBDE63FE3FED87BF75EEA2FDC1FEA3FDB8FF008A7BF75EEBDF707FA8FF006E3FE29EFDD7BAAB3FE72D3FFCE0BEEFFF00C49BD37FFBF13107F17F70B7DE133ED17370FE98FF000F5903F757FF00A7DFC99FF530FF00B40EB576D933FF00C4FD3FE35EF8FF00BF70FCFAED85AF97D83FC9D0D98D9FE9FEF1FEF3EC0773E5F6F431DAF87E7D095B6A6FF7C07FC57D83B745A53A13F43563A7B7E7FDF7D3F3EC0772A7A21BBB7A74B5C64DCFFBEE7EBFEFBF1ECA586934E82F742B5FF57A74643ADBE9FF00208FFA1BD90EEBFE5EA12E73FF00274B7DF907F915FF00E47FEDEFFE3ECAED381E831CADFEE71FB3A06FE1D7FD9606C0FF00B586EAFF00DE2B76FBCFEFB97FFD3FFF006C3FEA3BFEEDF7DD1E7DEF7FF119B9CFFEA07FED3EC7AD877EE0FF0051FEDC7FC53DF773AE1A75EFB83FD47FB71FF14F7EEBDD7BEE0FF51FEDC7FC53DFBAF752BCC7FC7FDB0F7EEBDD7BCC7FC7FDB0F7EEBDD49F3FF87FBC7FC6FDFBAF74E30CFC7FBEFF007DF5F7EEBDD77E71FD7F16FCFF00BEB7BF75EEBFFFD7DDA66FA7FB01FEF7EFDD7BA6D9BEBFEC47FBD7BF75EEB07BF75EEA3FBF75EEA3FBF75EEBDEFDD7BA8934FF00EFBFD7FF0079F6A3AD75561FCDFE87219BF82DD9E68F1F90AEFE0BBBBAAF73E6850DFF00C8B0B8AEC4C465F2B91FAFFC5976D6107B87FDF5B7BEBAF6BB9CACAC16A01069E47E5D4DFF0076ADD2C6CBDEFE4C1B875ABC6C99FF00DF7FC8FDF1DF7EB5EBB856BE5F67F9BA18F1B3DFFDF7D393FF0014F604B914AFFABD3A1E6DBF87A1236E4FFEC393FE1F8FF63EC2FB98F8BA1AF43563A7FA7B015D0E3D072EADC0E97F8E9B8FF7AFF78F642C28D4E81D73F87ECE8C8F554FFEF478FF0063F91EC2FBA7F97A84F9F3CBA123B0A6FF0022B7F837FBEFAFE3D95ED7D03795852F69F2E81AF8654F90ADF96FB7AB28AD5830637565EABFE98A84EDCCA62BF897D7F07294A3DF487EE3FB4EE175EF5722DFD80EDB15BE7FD964EBFE7EADF7CDDCEC2CBEED3BE6DD7E282FFE8147D86F90FF002229D6C070D77FBEFF0061FEDFF3EFB73D713BA78F6A3AD75C7DA7EB7D48F7EEBDD7BDFBAF7523DFBAF74E107E7FD8FF00C47BF75EEA47BF75EEBFFFD0DDA66838FF007DFEFBEBEFDD7BA8D341FF0011CFFC57DFBAF74DDE13FE3FEDC7BF75EEA2FDB9FE83FDB0FF008AFBF75EEA37DB7F87FBEFF92BDFBAF75EFB6FF0FF007DFF00257BF75EE99327F41FEB8FF7AF7EEBDD025BC32BF634590FBDFF00805FE5DF7BFF00505EFDD7BAD57BE727417486D4DCD90EC1F8F95F91EA4CDD6D7FDE6E8D87435BFF0018E735FD723B571598B7F73735FF0056EC67FB82F70E7387B13EDDF397FBB1BDDA4827D3AC82E4CFBCB7BA9C99FEEBF6FDDFF798FF0097FE885E37B537850FFC0CAFC7D6FF00D475157E3FEF7E9CFF004FC7BC74DF3EE37B1DD83FD5EE6D1F98EB283963FBC36F6CC7FC883DBACFFCF7F436ED5EEA1F5AEA0BFF00D40D77F4FEBF5BFD7DC4FBE7DC4B9D8B5764E6BDA5C7DB4FE7D4DBB67F790FB597A297FCA5BB7FD987FDB7F42FE23BD31EDFF2E59071C7F96427FA73CC5FE3EC0D75FDDFFEEF7FD1CF6AFF007AFF0063A66EFEFF00DED0371DBF78FD89FF006DBD0AB88ED5AFAFFF0080780C7FFD56E6C03FEDC603DA63FDDD7EE837C5CD5B47E5F5A3FC09D13DD7DFE7D9E3FF002C9DDFFECC3FEF61D18DD8DBDB7EB7185DA4D595BFF07DC35FFEB7E9C12FB510FF00766F335F356EBDD8DA957E7637CDFE055FF075167357DF6391770522CB94F773F61B11FE03D77D8FD8BF615B8DC37617756D0DB59BAC3456D89B22B768EE0EC6A3A23F8CBE25739B9936771F4FE26311FF0013EE6BE4CFEED6F6B3637D7CDDCD9BAEE5F2A7D08FE75EA1BB9FBDDF3500BFB8794F6BDB88AE49FAEFDA1680FECEAC63E280EBEC16D7143D7B8014233216AF339DADACFBFDD3B9AB00B0194CA71616E07BCE4E44F6EF923DB4D94EC3CA3B49DB58FAE4FF003EB1FF009EBDC4E76F72EF16F79B7751B9201803801E94EAC3B033FF00BEBFFAFEC63D017A5F43FA7FDF7F53EFDD7BA95F6DFE1FEFBFE4AF7EEBDD4CF7EEBDD67F09FF001FF6E3DFBAF75221839FF7DFEFBE9EFDD7BA72860E3FDF7FBEFAFBF75EEA5FDBFF0081FEBF9FF8AFD7DFBAF75FFFD1DE12683EBFF14F7EEBDD36CD07FBEFF7DFD3DFBAF751A6838FF7DFEFBEBEFDD7BA8DE0FF001FF79FF8D7BF75EEA3F83FC7FDE7FE35EFDD7BAF783FC7FDE7FE35EFDD7BA63C9D0FD3FDF7FB6F7EEBDD027BF3078FA0C2E42B735FE454543FF034F3F9F7EEBDF4BF5B8A754B1F25BE3D507787F10A2A2C0FF05C28BF15C3FCBAB7EBFEF7EC2F77CD163D0CAD7936FBFE5A1D5436F7FE545F635B90ADDB19EDC18515BFF3A3AEAEC7FF00EE9FEB6F655FD65F9F467FD4DB0F5FF0F40DCDFCBEFE47E0EDFDD8ECADC1FEB575151642DCFF00D5E305EFDFD65F9F5EFEA68F5FF0F51A1F893F37E87FE017746E1A2FF0FEEC6C4FEBF9FF00707EFDFD65F9F497FAB5F2E95D8CF8AFF3C2BBFE6BBEF0A2FF00A81C26D3C79FFD63E0FDFBFACBF3EBDFD5AF974BEC6FF2D9F901D8A48ECEEE9EE0DCF4559FF0368339D83BB72183FF00CF57F1DFEEFF00B2CBAE72E92FF55C7AF4787A1FF95B6DFEABFE1FF65FC3FF00C8B8FB0FB2B50FD7FDB7B4BFEB8D7BE9D5BFAAF637B4EAEC3A0763EDFC1D17F05A2A0FB2ADA2B8141FF2BB7FF9D55C7FC57D8F361DFEC37AFB3A2ADD361BDD97A3B188C1FF00C53FDEFF00DF5BD9F7443D2DA1A1FF007DFEC7FDB7E7DFBAF752BC1FE3FEF3FF001AF7EEBDD7BC1FE3FEF3FF001AF7EEBDD48F07F8FF00BCFF00C6BDFBAF74E50C1FEFBFDF7F5F7EEBDD49860FF7DFEBFF00BCFBF75EE9D3C1FF0042FF0087FB6F7EEBDD7FFFD2DEEA6A1FF7DFEC3FDBFE7DFBAF74DB350FE7FD7FF7C7FE27DFBAF74DBFC2FF00E0BFEDFF00E35EFDD7BA8DF627FC3FDE3DFBAF751BEC3FDF5FDFBAF75EFE13FE3FF277FC6BDFBAF75E9715FF0023FF0078BDFF00DEBDFBAF74177676CE19DDB190A2FF00A6FA1FE847FC5CADFEF67D956E7FEE1FE7D1AEC375F457C3A2C7FE8747FCA87FBEFF006FEC0BFBAFE7D489FBFBE43A66ACE871FF002A1FEF56FF007BFAFB4BFBAFECE95FEFDB1F5E9926F8E43E9F607FD7E3FE2BEFDFBAFECEBDFBF6C7D7AC1FECB68FF9503FEF3ED27EEBBDF97FABF2E91FEF5B0E9C68FE39FF00D300FF0078B7FBD7E7DEFF00715FFA756FDEBF33D2DB0FD11F63FF00281FEF3F5FF1FF000F693F705F7FAA9D15DD6E7E5C7FD5FEAFCBA5FF00FA235FF950E7FD8FB4BFB8AF3D7AF5AEE9F974F7B3FAE7ECB73E3EB7E82D5DF8E38FF1FAFB146C5B5FD16F87D3AF6FDBA0BDD8E9E7D0FD0E0FFE23FD6FF7DFEF5EE50EA39EA4FF0009FF001FF93BFE35EFDD7BAF7F09FF001FF93BFE35EFDD7BAF7D87FBEBFBF75EEA4C343FEFBF1F5BFF00ADEFDD7BA7286878FF007D6E38FF0079F7EEBDD394343CFF00BEBF3C7FBC7BF75EEA5FD87FAFFD7F3FEFAFEFDD7BAFFFD3DFC3C1FE3FEF3FF1AF7EEBDD45968811C7FC6B9E3DFBAF751FF85FFC17FDBFFC6BDFBAF751FF0085FF00C17FDBFF00C6BDFBAF7517F84FF8FF00C9DFF1AF7EEBDD7BF84FF8FF00C9DFF1AF7EEBDD7BF84FF8FF00C9DFF1AF7EEBDD469B07FF0013FEB7FBEFF7BF7EEBDD47FEEB63BFE5407FB61EEBF4CBEA3FD5F975EFA8FE9FF3FF0067AF7F7571FF00F2A03FDB0F69BE9BE63A57F53FD1EB87F75683FDF0F7EFA6F98EBDF53FD1EBDFDD5A0FF7C3DFBE9BE63AF7D4FF0047AF7F75683FDF1F7EFA6F98E927D4FF004BFD5FB7AE5FDD5FF06F7EFA6FE90EBDD49FEED8FEA3FDBFFC6FDFBE9BFA5D7BAF7F76D7FD50FF006E3FE2BED4FD3AFA7FABF675EFCBA93FC27FC7FE4EFF008D7BB75EEBDFC27FC7FE4EFF008D7BF75EEBDFC27FC7FE4EFF008D7BF75EEBDFC27FC7FE4EFF008D7BF75EEA57F0BFF82FFB7FF8D7BF75EEA4458B039247FC47BF75EE9C3ED97FDF13FF0014F7EEBDD67D03FC7FDE3FE29EFDD7BAFFD9', 
	'Fanta', 'Fanta', 'Süßes Getränk mit Orangengeschmack');
/*!40000 ALTER TABLE `bild` ENABLE KEYS */;

-- Exportiere Struktur von Tabelle praktikum.fe-nutzer
CREATE TABLE IF NOT EXISTS `fe-nutzer` (
  `Nr` int(11) NOT NULL AUTO_INCREMENT,
  `Loginname` varchar(30) NOT NULL,
  `Aktiv` tinyint(1) NOT NULL DEFAULT 0,
  `Anlagedatum` timestamp NOT NULL DEFAULT current_timestamp(),
  `Vorname` varchar(50) NOT NULL,
  `Nachname` varchar(50) NOT NULL,
  `Email` varchar(160) NOT NULL,
  `Algorithmus` enum('sha256','sha1') DEFAULT NULL,
  `Stretch` int(11) NOT NULL,
  `Salt` varchar(32) NOT NULL,
  `Hash` varchar(24) NOT NULL,
  `LetzterLogin` timestamp NOT NULL DEFAULT '0000-00-00 00:00:00',
  PRIMARY KEY (`Nr`),
  UNIQUE KEY `Email` (`Email`),
  UNIQUE KEY `Loginnamen` (`Loginname`)
) ENGINE=InnoDB AUTO_INCREMENT=5 DEFAULT CHARSET=utf8;

-- Exportiere Daten aus Tabelle praktikum.fe-nutzer: ~4 rows (ungefähr)
/*!40000 ALTER TABLE `fe-nutzer` DISABLE KEYS */;
INSERT INTO `fe-nutzer` (`Nr`, `Loginname`, `Aktiv`, `Anlagedatum`, `Vorname`, `Nachname`, `Email`, `Algorithmus`, `Stretch`, `Salt`, `Hash`, `LetzterLogin`) VALUES
	(1, 'db9382s', 1, '2017-12-09 00:49:44', 'Denis', 'Behrends', 'denis.behrends@alumni.fl-aachen.de', 'sha1', 64000, 'LGK0ocCGHIbo7VbMLlMLvv/H04rv/VXK', 'o9JPz62sen0Zf/fgsORhMEd4', '0000-00-00 00:00:00'),
	(2, 'db9788s', 1, '2017-12-09 00:49:44', 'Denis', 'Behrends', 'denis.behrends2@alumni.fl-aachen.de', 'sha1', 64000, 'LGK0ocCGHIbo7VbMLlMLvv/H04rv/VXK', 'o9JPz62sen0Zf/fgsORhMEd4', '0000-00-00 00:00:00'),
	(3, 'db9383s', 1, '2017-12-09 00:49:44', 'Denis', 'Behrends', 'denis.behrends3@alumni.fl-aachen.de', 'sha1', 64000, 'LGK0ocCGHIbo7VbMLlMLvv/H04rv/VXK', 'o9JPz62sen0Zf/fgsORhMEd4', '0000-00-00 00:00:00'),
	(4, 'db9582s', 1, '2017-12-09 00:49:44', 'Denis', 'Behrends', 'denis.behrends4@alumni.fl-aachen.de', 'sha1', 64000, 'LGK0ocCGHIbo7VbMLlMLvv/H04rv/VXK', 'o9JPz62sen0Zf/fgsORhMEd4', '0000-00-00 00:00:00');
/*!40000 ALTER TABLE `fe-nutzer` ENABLE KEYS */;

-- Exportiere Struktur von Tabelle praktikum.fh-angehöriger
CREATE TABLE IF NOT EXISTS `fh-angehöriger` (
  `ID` int(11) NOT NULL AUTO_INCREMENT,
  `FeNutzerFhAngeFk` int(11) NOT NULL,
  PRIMARY KEY (`ID`),
  KEY `FeNutzerFhAngeFk` (`FeNutzerFhAngeFk`),
  CONSTRAINT `FeNutzerFhAngeFk` FOREIGN KEY (`FeNutzerFhAngeFk`) REFERENCES `fe-nutzer` (`Nr`) ON DELETE CASCADE
) ENGINE=InnoDB AUTO_INCREMENT=4 DEFAULT CHARSET=utf8;

-- Exportiere Daten aus Tabelle praktikum.fh-angehöriger: ~3 rows (ungefähr)
/*!40000 ALTER TABLE `fh-angehöriger` DISABLE KEYS */;
INSERT INTO `fh-angehöriger` (`ID`, `FeNutzerFhAngeFk`) VALUES
	(1, 1),
	(2, 2),
	(3, 4);
/*!40000 ALTER TABLE `fh-angehöriger` ENABLE KEYS */;

-- Exportiere Struktur von Tabelle praktikum.gast
CREATE TABLE IF NOT EXISTS `gast` (
  `NutzerFk` int(11) NOT NULL,
  `Grund` varchar(30) DEFAULT NULL,
  `Ablauf` timestamp NOT NULL DEFAULT current_timestamp(),
  KEY `GastNutzerFK` (`NutzerFk`),
  CONSTRAINT `GastNutzerFK` FOREIGN KEY (`NutzerFk`) REFERENCES `fe-nutzer` (`Nr`) ON DELETE CASCADE
) ENGINE=InnoDB DEFAULT CHARSET=utf8;

-- Exportiere Daten aus Tabelle praktikum.gast: ~1 rows (ungefähr)
/*!40000 ALTER TABLE `gast` DISABLE KEYS */;
INSERT INTO `gast` (`NutzerFk`, `Grund`, `Ablauf`) VALUES
	(3, 'Gaststudent', '2017-12-09 00:49:44');
/*!40000 ALTER TABLE `gast` ENABLE KEYS */;

-- Exportiere Struktur von Tabelle praktikum.kategorie
CREATE TABLE IF NOT EXISTS `kategorie` (
  `ID` mediumint(9) NOT NULL AUTO_INCREMENT,
  `Bezeichnung` varchar(100) DEFAULT NULL,
  `Oberkategorie` mediumint(9) DEFAULT NULL,
  PRIMARY KEY (`ID`),
  KEY `OberKat` (`Oberkategorie`),
  CONSTRAINT `OberKat` FOREIGN KEY (`Oberkategorie`) REFERENCES `kategorie` (`ID`)
) ENGINE=InnoDB AUTO_INCREMENT=7 DEFAULT CHARSET=utf8;

-- Exportiere Daten aus Tabelle praktikum.kategorie: ~6 rows (ungefähr)
/*!40000 ALTER TABLE `kategorie` DISABLE KEYS */;
INSERT INTO `kategorie` (`ID`, `Bezeichnung`, `Oberkategorie`) VALUES
	(1, 'Gebäck', NULL),
	(2, 'Mittagsgerichte', NULL),
	(3, 'Wok', NULL),
	(4, 'Getränke', NULL),
	(5, 'Kalte Getränke', 4),
	(6, 'Heiße Getränke', 4);
/*!40000 ALTER TABLE `kategorie` ENABLE KEYS */;

-- Exportiere Struktur von Prozedur praktikum.LoginProcedure
DELIMITER //
CREATE DEFINER=`webapp`@`localhost` PROCEDURE `LoginProcedure`(
	IN `Lname` VARCHAR(30)



)
    READS SQL DATA
BEGIN
DECLARE  drole ENUM('Gast','Student','Mitarbeiter');
DECLARE	dloginname VARCHAR(30);
DECLARE	demail VARCHAR(160);
DECLARE	dalgorithmus ENUM('sha256', 'sha1');
DECLARE	dstretch INT;
DECLARE	dsalt VARCHAR(32);
DECLARE	dhash VARCHAR(24);


IF (select count(*) from student as st 
	join `fh-angehöriger` as fh on st.NutzerFk = fh.ID 
	join `fe-nutzer` as fe on fh.FeNutzerFhAngeFk = fe.Nr
	where fe.Loginname = Lname) = 1 THEN
	set drole = 'Student';
ELSEIF (select count(*) from mitarbeiter as ma 
	join `fh-angehöriger` as fh on ma.NutzerFk = fh.ID 
	join `fe-nutzer` as fe on fh.FeNutzerFhAngeFk = fe.Nr
	where fe.Loginname = Lname) = 1 THEN
	set drole = 'Mitarbeiter';
ELSE
	set drole = 'Gast';
END IF;


select fe.Loginname, fe.Email, fe.Algorithmus, fe.Stretch, fe.Salt, fe.`Hash`
into dloginname, demail, dalgorithmus, dstretch, dsalt, dhash
                        from `fe-nutzer` as fe
                        where Loginname = Lname limit 1;

select drole as role, dloginname as loginname, demail as email, 
dalgorithmus as algorithmus, dstretch as stretch, dsalt as salt, dhash as `hash`;

END//
DELIMITER ;

-- Exportiere Struktur von Tabelle praktikum.mitarbeiter
CREATE TABLE IF NOT EXISTS `mitarbeiter` (
  `NutzerFk` int(11) NOT NULL,
  `MA-Nummer` int(11) NOT NULL,
  `Telefon-Nummer` varchar(40) DEFAULT NULL,
  `Büro` varchar(10) DEFAULT NULL,
  KEY `MitarbeiterFHFK` (`NutzerFk`),
  CONSTRAINT `MitarbeiterFHFK` FOREIGN KEY (`NutzerFk`) REFERENCES `fh-angehöriger` (`ID`) ON DELETE CASCADE
) ENGINE=InnoDB DEFAULT CHARSET=utf8;

-- Exportiere Daten aus Tabelle praktikum.mitarbeiter: ~1 rows (ungefähr)
/*!40000 ALTER TABLE `mitarbeiter` DISABLE KEYS */;
INSERT INTO `mitarbeiter` (`NutzerFk`, `MA-Nummer`, `Telefon-Nummer`, `Büro`) VALUES
	(3, 234534, '0324152543-31', '333');
/*!40000 ALTER TABLE `mitarbeiter` ENABLE KEYS */;

-- Exportiere Struktur von Tabelle praktikum.preis
CREATE TABLE IF NOT EXISTS `preis` (
  `ID` int(11) NOT NULL AUTO_INCREMENT,
  `Gastbetrag` float NOT NULL,
  `Studentenbetrag` float NOT NULL,
  `Mitarbeiterbetrag` float NOT NULL,
  PRIMARY KEY (`ID`)
) ENGINE=InnoDB AUTO_INCREMENT=5 DEFAULT CHARSET=utf8;

-- Exportiere Daten aus Tabelle praktikum.preis: ~4 rows (ungefähr)
/*!40000 ALTER TABLE `preis` DISABLE KEYS */;
INSERT INTO `preis` (`ID`, `Gastbetrag`, `Studentenbetrag`, `Mitarbeiterbetrag`) VALUES
	(1, 1.9, 1.5, 1.1),
	(2, 1.8, 1.3, 1.2),
	(3, 1.85, 1.2, 0.9),
	(4, 1.65, 1.19, 0.65);
/*!40000 ALTER TABLE `preis` ENABLE KEYS */;

-- Exportiere Struktur von Tabelle praktikum.produkt
CREATE TABLE IF NOT EXISTS `produkt` (
  `ID` int(11) NOT NULL AUTO_INCREMENT,
  `PreisFK` int(11) NOT NULL,
  `KategorieFK` mediumint(9) NOT NULL,
  `BildFK` mediumint(9) NOT NULL,
  `Name` varchar(90) NOT NULL,
  `Beschreibung` varchar(500) NOT NULL,
  `Vegan` tinyint(1) DEFAULT NULL,
  `Vegetarisch` tinyint(1) DEFAULT NULL,
  PRIMARY KEY (`ID`),
  KEY `PreisFK` (`PreisFK`),
  KEY `KategorieFK` (`KategorieFK`),
  KEY `BildFK` (`BildFK`),
  CONSTRAINT `BildFK` FOREIGN KEY (`BildFK`) REFERENCES `bild` (`ID`) ON DELETE CASCADE,
  CONSTRAINT `KategorieFK` FOREIGN KEY (`KategorieFK`) REFERENCES `kategorie` (`ID`) ON DELETE CASCADE,
  CONSTRAINT `PreisFK` FOREIGN KEY (`PreisFK`) REFERENCES `preis` (`ID`) ON DELETE CASCADE
) ENGINE=InnoDB AUTO_INCREMENT=4 DEFAULT CHARSET=utf8;

-- Exportiere Daten aus Tabelle praktikum.produkt: ~3 rows (ungefähr)
/*!40000 ALTER TABLE `produkt` DISABLE KEYS */;
INSERT INTO `produkt` (`ID`, `PreisFK`, `KategorieFK`, `BildFK`, `Name`, `Beschreibung`, `Vegan`, `Vegetarisch`) VALUES
	(1, 3, 5, 1, 'Coca-Cola Zero', 'Sehr süßes Softgetränk mit Koffein', 1, 1),
	(2, 3, 5, 1, 'Fanta', 'Sehr süßes Softgetränk mit Orangengeschmack', 1, 1),
	(3, 3, 2, 1, 'Falafel', 'Teigtasche mit Falafel aus Kichererbsen und Sesam, dazu passt hervorragend der Krautsalat', 1, 1);
/*!40000 ALTER TABLE `produkt` ENABLE KEYS */;

-- Exportiere Struktur von Tabelle praktikum.produktenthaltzutat
CREATE TABLE IF NOT EXISTS `produktenthaltzutat` (
  `ProduktFK` int(11) NOT NULL,
  `ZutatFK` int(11) NOT NULL,
  KEY `ProduktFK` (`ProduktFK`,`ZutatFK`),
  KEY `ZutatFK` (`ZutatFK`),
  CONSTRAINT `produktenthaltzutat_ibfk_1` FOREIGN KEY (`ProduktFK`) REFERENCES `produkt` (`ID`),
  CONSTRAINT `produktenthaltzutat_ibfk_2` FOREIGN KEY (`ZutatFK`) REFERENCES `zutat` (`ID`)
) ENGINE=InnoDB DEFAULT CHARSET=utf8;

-- Exportiere Daten aus Tabelle praktikum.produktenthaltzutat: ~6 rows (ungefähr)
/*!40000 ALTER TABLE `produktenthaltzutat` DISABLE KEYS */;
INSERT INTO `produktenthaltzutat` (`ProduktFK`, `ZutatFK`) VALUES
	(1, 1),
	(1, 2),
	(1, 3),
	(2, 1),
	(2, 2),
	(3, 4);
/*!40000 ALTER TABLE `produktenthaltzutat` ENABLE KEYS */;

-- Exportiere Struktur von Tabelle praktikum.student
CREATE TABLE IF NOT EXISTS `student` (
  `NutzerFk` int(11) NOT NULL,
  `Matrikelnummer` int(11) NOT NULL,
  `Studiengang` varchar(20) NOT NULL,
  UNIQUE KEY `Matrikelnummer` (`Matrikelnummer`),
  KEY `StudentFHFK` (`NutzerFk`),
  CONSTRAINT `StudentFHFK` FOREIGN KEY (`NutzerFk`) REFERENCES `fh-angehöriger` (`ID`) ON DELETE CASCADE,
  CONSTRAINT `CONSTRAINT_1` CHECK (`Matrikelnummer` < 9999999),
  CONSTRAINT `CONSTRAINT_2` CHECK (`Matrikelnummer` > 10000)
) ENGINE=InnoDB DEFAULT CHARSET=utf8;

-- Exportiere Daten aus Tabelle praktikum.student: ~2 rows (ungefähr)
/*!40000 ALTER TABLE `student` DISABLE KEYS */;
INSERT INTO `student` (`NutzerFk`, `Matrikelnummer`, `Studiengang`) VALUES
	(1, 3005136, 'Informatik'),
	(2, 3005156, 'Geschichte');
/*!40000 ALTER TABLE `student` ENABLE KEYS */;

-- Exportiere Struktur von Tabelle praktikum.zutat
CREATE TABLE IF NOT EXISTS `zutat` (
  `ID` int(11) NOT NULL AUTO_INCREMENT,
  `Name` varchar(120) NOT NULL,
  `Beschreibung` varchar(500) DEFAULT NULL,
  `Vegan` tinyint(1) DEFAULT NULL,
  `Vegetarisch` tinyint(1) DEFAULT NULL,
  `Bio` tinyint(1) DEFAULT NULL,
  `Glutenfrei` tinyint(1) DEFAULT NULL,
  PRIMARY KEY (`ID`)
) ENGINE=InnoDB AUTO_INCREMENT=5 DEFAULT CHARSET=utf8;

-- Exportiere Daten aus Tabelle praktikum.zutat: ~4 rows (ungefähr)
/*!40000 ALTER TABLE `zutat` DISABLE KEYS */;
INSERT INTO `zutat` (`ID`, `Name`, `Beschreibung`, `Vegan`, `Vegetarisch`, `Bio`, `Glutenfrei`) VALUES
	(1, 'Zucker', NULL, NULL, NULL, NULL, NULL),
	(2, 'Wasser', NULL, NULL, NULL, NULL, NULL),
	(3, 'Koffein', NULL, NULL, NULL, NULL, NULL),
	(4, 'Kichererbsen', NULL, NULL, NULL, NULL, NULL);
/*!40000 ALTER TABLE `zutat` ENABLE KEYS */;

/*!40101 SET SQL_MODE=IFNULL(@OLD_SQL_MODE, '') */;
/*!40014 SET FOREIGN_KEY_CHECKS=IF(@OLD_FOREIGN_KEY_CHECKS IS NULL, 1, @OLD_FOREIGN_KEY_CHECKS) */;
/*!40101 SET CHARACTER_SET_CLIENT=@OLD_CHARACTER_SET_CLIENT */;
